Municipio,Codigo DANE,Establecimiento Educativo,Sede Educativa,Zona,Poblacion,Region
ALMAGUER,119022001172,INSTITUCION EDUCATIVA SAN LUIS,CASA BLANCA,RURAL,MAYORITARIA,MACIZO
ALMAGUER,119022001172,INSTITUCION EDUCATIVA SAN LUIS,ORDONEZ,RURAL,MAYORITARIA,MACIZO
ALMAGUER,219022000065,CENTRO EDUCATIVO LA HONDA,EL PENOL,RURAL,MAYORITARIA,MACIZO
ALMAGUER,219022000065,CENTRO EDUCATIVO LA HONDA,NACEDERO,RURAL,MAYORITARIA,MACIZO
ALMAGUER,219022000201,CENTRO EDUCATIVO CORTADERAS, CORTADERAS (sede principal),RURAL,MAYORITARIA,MACIZO
ALMAGUER,219022000405,CENTRO EDUCATIVO LA TARABITA,SAUJI,RURAL,MAYORITARIA,MACIZO
ALMAGUER,219022000405,CENTRO EDUCATIVO LA TARABITA,EL SILENCIO,RURAL,MAYORITARIA,MACIZO
ALMAGUER,219022000405,CENTRO EDUCATIVO LA TARABITA, TARABITA (sede principal),RURAL,MAYORITARIA,MACIZO
ALMAGUER,219022001096,I.E. SANTA MARIA DE CAQUIONA,ESCUELA RURAL MIXTA EL HATO,RURAL,INDÍGENA,MACIZO
ALMAGUER,219022001096,I.E. SANTA MARIA DE CAQUIONA,ESCUELA RURAL MIXTA BALCONCRUZ,RURAL,INDÍGENA,MACIZO
ALMAGUER,219022001096,I.E. SANTA MARIA DE CAQUIONA,ESCUELA RURAL MIXTA QUEBRADILLAS,RURAL,INDÍGENA,MACIZO
ALMAGUER,219022001096,I.E. SANTA MARIA DE CAQUIONA,ESCUELA RURAL MIXTA CERRO LARGO,RURAL,INDÍGENA,MACIZO
ALMAGUER,219022001185,INSTITUCION EDUCATIVA LLACUANAS,LLACUANAS BAJO,RURAL,MAYORITARIA,MACIZO
ALMAGUER,219022001185,INSTITUCION EDUCATIVA LLACUANAS,LA YUNGA,RURAL,MAYORITARIA,MACIZO
ALMAGUER,219022001185,INSTITUCION EDUCATIVA LLACUANAS, LLACUANAS (sede principal),RURAL,MAYORITARIA,MACIZO
ALMAGUER,219022001193,INSTITUCION EDUCATIVA EL TABLON,LA PRIMAVERA,RURAL,MAYORITARIA,MACIZO
ALMAGUER,219022001193,INSTITUCION EDUCATIVA EL TABLON,EL TAMBO,RURAL,MAYORITARIA,MACIZO
ALMAGUER,219022001193,INSTITUCION EDUCATIVA EL TABLON, EL TABLON (sede principal),RURAL,MAYORITARIA,MACIZO
ALMAGUER,219022001207,I.E. LA HERRADURA,HIGUERILLOS,RURAL,MAYORITARIA,MACIZO
ALMAGUER,219022001207,I.E. LA HERRADURA,GUAYACANES,RURAL,MAYORITARIA,MACIZO
ALMAGUER,219022001207,I.E. LA HERRADURA,LA MESA,RURAL,MAYORITARIA,MACIZO
ALMAGUER,219022001207,I.E. LA HERRADURA,EL CHILCO,RURAL,MAYORITARIA,MACIZO
ALMAGUER,219022001207,I.E. LA HERRADURA,EL PUENTE,RURAL,MAYORITARIA,MACIZO
ALMAGUER,219022001207,I.E. LA HERRADURA, LA HERRADURA (sede principal),RURAL,MAYORITARIA,MACIZO
ARGELIA,219050000071,C.E. SAN JUAN DE LA FLORIDA, SAN JUAN DE LA FLORIDA (sede principal),RURAL,MAYORITARIA,SUR
ARGELIA,219050000071,C.E. SAN JUAN DE LA FLORIDA,EL CORAZON,RURAL,MAYORITARIA,SUR
ARGELIA,219050000089,C.E. LA PRIMAVERA, LA PRIMAVERA (sede principal),RURAL,MAYORITARIA,SUR
ARGELIA,219050000127,C.E. JOSE MARIA CORDOBA, JOSE MARIA CORDOBA (sede principal),RURAL,MAYORITARIA,SUR
ARGELIA,219050000135,I.E. LA BELLEZA,LA DELGADITA,RURAL,MAYORITARIA,SUR
ARGELIA,219050000135,I.E. LA BELLEZA,GUAYABAL,RURAL,MAYORITARIA,SUR
ARGELIA,219050000160,C.E. MIROLINDO, MIROLINDO (sede principal),RURAL,MAYORITARIA,SUR
ARGELIA,219050000160,C.E. MIROLINDO,ESCUELO EL PORVENIR,RURAL,MAYORITARIA,SUR
ARGELIA,219050000178,I.E. EL DIVISO (ANTES C.E. EL DIVISO), EL DIVISO- SEDE PRINCIPAL (sede principal),RURAL,MAYORITARIA,SUR
ARGELIA,219050000178,I.E. EL DIVISO (ANTES C.E. EL DIVISO),EL DIAMANTE,RURAL,MAYORITARIA,SUR
ARGELIA,219050000461,C.E. SAN JUAN DE LA GUADUA,EL MESON ALTO,RURAL,MAYORITARIA,SUR
ARGELIA,219050000461,C.E. SAN JUAN DE LA GUADUA, SAN JUAN DE LA GUADUA (sede principal),RURAL,MAYORITARIA,SUR
ARGELIA,219050000551,C.E. LA PLAYA,NUEVA LOS CRISTALES,RURAL,MAYORITARIA,SUR
ARGELIA,219050000551,C.E. LA PLAYA, LA PLAYA (sede principal),RURAL,MAYORITARIA,SUR
ARGELIA,219050000551,C.E. LA PLAYA,LA MINA,RURAL,MAYORITARIA,SUR
ARGELIA,219050000810,C.E. BOTAFOGO,EL CRUCERO,RURAL,MAYORITARIA,SUR
ARGELIA,219050000810,C.E. BOTAFOGO,ALTAMIRA,RURAL,MAYORITARIA,SUR
ARGELIA,219050000844,CENTRO EDUCATIVO BETANIA, BETANIA (sede principal),RURAL,MAYORITARIA,SUR
ARGELIA,219050001034,C.E. LOS PICOS, LOS PICOS (sede principal),RURAL,MAYORITARIA,SUR
ARGELIA,219050001115,C.E. LA LEONA, LA LEONA (sede principal),RURAL,MAYORITARIA,SUR
ARGELIA,219050001352,C.E. PAMBILAL,ANGOSTURAS,RURAL,MAYORITARIA,SUR
ARGELIA,219050001352,C.E. PAMBILAL, PAMBILAL (sede principal),RURAL,MAYORITARIA,SUR
BALBOA,219075000041,I.E. OLAYA (ANTES C.E. OLAYA),EL VIJAL,RURAL,AFRO,SUR
BALBOA,219075000041,I.E. OLAYA (ANTES C.E. OLAYA),GUADALITO,RURAL,AFRO,SUR
BALBOA,219075000059,C.E. SANABRIA, SANABRIA (sede principal),RURAL,MAYORITARIA,SUR
BALBOA,219075000075,C.E. BUENOS AIRES, BUENOS AIRES (sede principal),RURAL,MAYORITARIA,SUR
BALBOA,219075000121,C.E. BERMEJA ALTA, BERMEJA ALTA (sede principal),RURAL,MAYORITARIA,SUR
BALBOA,219075000121,C.E. BERMEJA ALTA,EL TURBIO,RURAL,MAYORITARIA,SUR
BALBOA,219075000121,C.E. BERMEJA ALTA,EL CAIRO,RURAL,MAYORITARIA,SUR
BALBOA,219075000164,C.E. CAMPO BELLO ALTO, BUENAVISTA,RURAL,MAYORITARIA,SUR
BALBOA,219075000164,C.E. CAMPO BELLO ALTO, CAMPO BELLO ALTO (sede principal),RURAL,MAYORITARIA,SUR
BALBOA,219075000172,C.E. CAMPO BELLO BAJO,ESTUDIANTIL GALANIA,RURAL,MAYORITARIA,SUR
BALBOA,219075000172,C.E. CAMPO BELLO BAJO, CAMPO BELLO BAJO (sede principal),RURAL,MAYORITARIA,SUR
BALBOA,219075000172,C.E. CAMPO BELLO BAJO,LOS GUADUALES,RURAL,MAYORITARIA,SUR
BALBOA,219075000199,C.E. CABUYO BAJO,PLAN GRANDE,RURAL,MAYORITARIA,SUR
BALBOA,219075000211,I.E. LA BERMEJA,MONTANA NEGRA,RURAL,MAYORITARIA,SUR
BALBOA,219075000211,I.E. LA BERMEJA,EL LIMONAR,RURAL,MAYORITARIA,SUR
BALBOA,219075000253,C.E. LA LOMITA, LA LOMITA (sede principal),RURAL,AFRO,SUR
BALBOA,219075000288,C.E. LA PALMA,LA JOAQUINA,RURAL,MAYORITARIA,SUR
BALBOA,219075000288,C.E. LA PALMA, LA PALMA (sede principal),RURAL,MAYORITARIA,SUR
BALBOA,219075000288,C.E. LA PALMA,EL PEPAL,RURAL,MAYORITARIA,SUR
BALBOA,219075000300,C.E. LOS ANDES, LOS ANDES (sede principal),RURAL,MAYORITARIA,SUR
BALBOA,219075000300,C.E. LOS ANDES,ANDES ALTOS,RURAL,MAYORITARIA,SUR
BALBOA,219075000300,C.E. LOS ANDES,EL JARDIN,RURAL,MAYORITARIA,SUR
BALBOA,219075000342,INSTITUCIÓN EDUCATIVA PURETO,FLORIDA PURETO,RURAL,MAYORITARIA,SUR
BALBOA,219075000636,I.E. AGRICOLA SAN ALFONSO,SAN ALFONSO,RURAL,MAYORITARIA,SUR
BOLIVAR,219100000221,CENT EDUC YUNGUILLAS, YUNGUILLAS (sede principal),RURAL,MAYORITARIA,SUR
BOLIVAR,219100000255,CENT EDUC PLAYA DE SAN JUAN,ESCUELA RURAL MIXTA LA PLAYA DE SAN JUAN,RURAL,INDÍGENA,SUR
BOLIVAR,219100000255,CENT EDUC PLAYA DE SAN JUAN,ESCUELA RURAL MIXTA ARAGON,RURAL,INDÍGENA,SUR
BOLIVAR,219100000255,CENT EDUC PLAYA DE SAN JUAN,ESCUELA RURAL MIXTA DE ANGONI,RURAL,INDÍGENA,SUR
BOLIVAR,219100000352,CENT EDUC ALTO LLANO, ALTO LLANO (sede principal),RURAL,MAYORITARIA,SUR
BOLIVAR,219100000417,CENT EDUC EL SESTEADERO, EL SESTEADERO (sede principal),RURAL,MAYORITARIA,SUR
BOLIVAR,219100000433,INST EDUC EL CARMEN,EL CIDRAL,RURAL,MAYORITARIA,SUR
BOLIVAR,219100000506,CENTRO EDUCATIVO EL TAMBO,  EL TAMBO (sede principal),RURAL,MAYORITARIA,SUR
BOLIVAR,219100000506,CENTRO EDUCATIVO EL TAMBO,LA FUENTE,RURAL,MAYORITARIA,SUR
BOLIVAR,219100000506,CENTRO EDUCATIVO EL TAMBO,LOS POTREROS,RURAL,MAYORITARIA,SUR
BOLIVAR,219100000531,CENT EDUC SAN MIGUEL, SAN MIGUEL (sede principal),RURAL,MAYORITARIA,SUR
BOLIVAR,219100000531,CENT EDUC SAN MIGUEL,SAN ANTONIO,RURAL,MAYORITARIA,SUR
BOLIVAR,219100000654,INST EDUC SAN FERNANDO DE MELCHOR,LOMITAS,RURAL,MAYORITARIA,SUR
BOLIVAR,219100000654,INST EDUC SAN FERNANDO DE MELCHOR,MORALES NOVILLEROS,RURAL,MAYORITARIA,SUR
BOLIVAR,219100000654,INST EDUC SAN FERNANDO DE MELCHOR,MELCHOR VIEJO,RURAL,MAYORITARIA,SUR
BOLIVAR,219100000654,INST EDUC SAN FERNANDO DE MELCHOR,PUERTICAS,RURAL,MAYORITARIA,SUR
BOLIVAR,219100000948,INST EDUC LA CARBONERA,CAPELLANIAS,RURAL,AFRO,SUR
BOLIVAR,219100000948,INST EDUC LA CARBONERA,LA MONJA,RURAL,AFRO,SUR
BOLIVAR,219100000948,INST EDUC LA CARBONERA,PALO VERDE,RURAL,MAYORITARIA,SUR
BOLIVAR,219100000948,INST EDUC LA CARBONERA,LOS ARRAYANES,RURAL,MAYORITARIA,SUR
BOLIVAR,219100001103,INST EDUC EL RODEO,EL BOQUERON,RURAL,MAYORITARIA,SUR
BOLIVAR,219100001774,CENT EDUC SANTA ANA,GUILLERMO LEON VALENCIA,RURAL,MAYORITARIA,SUR
BOLIVAR,219100001774,CENT EDUC SANTA ANA, SANTA ANA (sede principal),RURAL,MAYORITARIA,SUR
BOLIVAR,219100001774,CENT EDUC SANTA ANA,AGUA GORDA,RURAL,MAYORITARIA,SUR
BOLIVAR,219100001774,CENT EDUC SANTA ANA,GUAYACANES,RURAL,MAYORITARIA,SUR
BOLIVAR,219100001821,INST EDUC ANDINO SAN LORENZO,LA FLORIDA,RURAL,MAYORITARIA,SUR
BOLIVAR,219100002053,CENTRO EDUCATIVO SAN ANTONIO DEL SILENCIO,LA PRADERA,RURAL,MAYORITARIA,SUR
BOLIVAR,219100002053,CENTRO EDUCATIVO SAN ANTONIO DEL SILENCIO, EL SILENCIO,RURAL,MAYORITARIA,SUR
BOLIVAR,219100002533,CENTRO EDUCATIVO LA CUEVA, LA CUEVA (sede principal),RURAL,MAYORITARIA,SUR
BOLIVAR,219100002584,INSTITUCION EDUCATIVA SAN JOSE DEL MORRO,SAN JOSE DEL MORRO,RURAL,MAYORITARIA,SUR
BOLIVAR,219100002789,INSTITUCION EDUCATIVA AGRICOLA ALEJANDRO GOMEZ,AGUAS FRESCAS,RURAL,AFRO,SUR
BOLIVAR,219100002789,INSTITUCION EDUCATIVA AGRICOLA ALEJANDRO GOMEZ,LLANADAS VILLANUEVA,RURAL,MAYORITARIA,SUR
BOLIVAR,219100002789,INSTITUCION EDUCATIVA AGRICOLA ALEJANDRO GOMEZ,ROMERILLOS,RURAL,MAYORITARIA,SUR
BOLIVAR,419100002826,INSTITUCION EDUCATIVA AGROPECUARIO NUESTRA SENORA DEL CARMEN,LA PLAYA DE SAN JORGE,RURAL,AFRO,SUR
BOLIVAR,419100002826,INSTITUCION EDUCATIVA AGROPECUARIO NUESTRA SENORA DEL CARMEN, NUESTRA SENORA DEL CARMEN (sede principal),RURAL,AFRO,SUR
BUENOS AIRES,219110000164,I.E. AGROAMBIENTAL LA NUEVA ESPERANZA,E.R.M. EL CERAL - SEDE PRINCIPAL,RURAL,INDÍGENA,NORTE
BUENOS AIRES,219110000164,I.E. AGROAMBIENTAL LA NUEVA ESPERANZA,ESCUELA RURAL MIXTA AURES,RURAL,INDÍGENA,NORTE
BUENOS AIRES,219110000164,I.E. AGROAMBIENTAL LA NUEVA ESPERANZA,ESCUELA RURAL MIXTA CERRO AZUL,RURAL,INDÍGENA,NORTE
BUENOS AIRES,219110000164,I.E. AGROAMBIENTAL LA NUEVA ESPERANZA,ESCUELA RURAL MIXTA EL PRADO,RURAL,INDÍGENA,NORTE
BUENOS AIRES,219110000172,C.E. EL PORVENIR, EL PORVENIR ,RURAL,AFRO,NORTE
BUENOS AIRES,219110000172,C.E. EL PORVENIR,LA ESPERANZA (sede principal),RURAL,AFRO,NORTE
BUENOS AIRES,219110000172,C.E. EL PORVENIR,AGUA BLANCA 2,RURAL,AFRO,NORTE
BUENOS AIRES,219110000407,CENTRO EDUCATIVO LA UNION - LLANITO,LA UNION - LLANITO (sede principal),RURAL,AFRO,NORTE
BUENOS AIRES,219110000482,C.E. PISAPASITO, PISAPASITO (sede principal),RURAL,AFRO,NORTE
BUENOS AIRES,219110001012,CENTRO EDUCATIVO MUNCHIQUE,CHAMBIMBE,RURAL,AFRO,NORTE
BUENOS AIRES,219110001021,CENTRO EDUCATIVO SANTA CLARA, SANTA CLARA (sede principal),RURAL,AFRO,NORTE
BUENOS AIRES,219110001021,CENTRO EDUCATIVO SANTA CLARA,SAN JOAQUIN,RURAL,AFRO,NORTE
BUENOS AIRES,219110001128,CENTRO EDUCATIVO LA ESMERALDA, LA ESMERALDA (sede principal),RURAL,AFRO,NORTE
BUENOS AIRES,219110001641,INSTITUCION EDUCATIVA AGROINDUSTRIAL VALENTIN CARABALI,LA BALSA,RURAL,AFRO,NORTE
BUENOS AIRES,219110001641,INSTITUCION EDUCATIVA AGROINDUSTRIAL VALENTIN CARABALI,SAN MIGUEL,RURAL,AFRO,NORTE
BUENOS AIRES,219110001659,INSTITUCION EDUCATIVA AGROPECUARIA BRISAS DE MARY LOPEZ,EL SILENCIO,RURAL,AFRO,NORTE
BUENOS AIRES,219110001659,INSTITUCION EDUCATIVA AGROPECUARIA BRISAS DE MARY LOPEZ, BRISAS DE MARILOPEZ (sede principal),RURAL,AFRO,NORTE
BUENOS AIRES,419110000970,I.E. TIMBA,SAN FRANCISCO,RURAL,AFRO,NORTE
BUENOS AIRES,419110000970,I.E. TIMBA,LA VENTURA,RURAL,AFRO,NORTE
BUENOS AIRES,419110001623,INSTITUCION EDUCATIVA CERRO CATALINA,ESCUELA RURAL MIXTA NUEVA GRANADA,RURAL,INDÍGENA,NORTE
CAJIBIO,219130000055,C.E. BUENAVISTA, BUENAVISTA (sede principal),RURAL,AFRO,CENTRO
CAJIBIO,219130000128,C.E. CENEGUETA, CENEGUETA (sede principal),RURAL,AFRO,CENTRO
CAJIBIO,219130000144,C.E. LA VIUDA,SAN FERNANDO EL COFRE,RURAL,MAYORITARIA,CENTRO
CAJIBIO,219130000179,C.E. LA AURELIA,LA GRANJA,RURAL,MAYORITARIA,CENTRO
CAJIBIO,219130000179,C.E. LA AURELIA, LA AURELIA (sede principal),RURAL,MAYORITARIA,CENTRO
CAJIBIO,219130000225,C.E. LA ARROYUELA,SAN JOSE DEL CARMELO,RURAL,MAYORITARIA,CENTRO
CAJIBIO,219130000357,C.E. SAN GABRIEL, SAN GABRIEL (sede principal),RURAL,MAYORITARIA,CENTRO
CAJIBIO,219130000381,I.E. LA MESETA,VILLA COLOMBIA,RURAL,MAYORITARIA,CENTRO
CAJIBIO,219130000438,I.E.  ALTO MOJIBIO,EL CULEBRIADO,RURAL,AFRO,CENTRO
CAJIBIO,219130000560,INSTITUCION EDUCATIVA SAN ANTONIO,SAN ANTONIO (sede principal),RURAL,AFRO,CENTRO
CAJIBIO,219130000578,C.E. CACAHUAL, CACAHUAL (sede principal),RURAL,AFRO,CENTRO
CAJIBIO,219130000586,I.E. AGROPECUARIO LA CAPILLA,LA UNION,RURAL,MAYORITARIA,CENTRO
CAJIBIO,219130000659,C.E. LA SELVA, LA SELVA (sede principal),RURAL,MAYORITARIA,CENTRO
CAJIBIO,219130000659,C.E. LA SELVA,LA PAJOSA,RURAL,MAYORITARIA,CENTRO
CAJIBIO,219130001078,C.E. LA COHETERA, LA COHETERA (sede principal),RURAL,MAYORITARIA,CENTRO
CAJIBIO,219130001078,C.E. LA COHETERA,EL CEDRO,RURAL,MAYORITARIA,CENTRO
CAJIBIO,219130003666,I.E. NUESTRA SEÑORA DE LAS MERCEDES,LAS CASITAS,RURAL,MAYORITARIA,CENTRO
CAJIBIO,419130001166,I.E. AGROPECUARIA NUESTRA SEÑORA DEL ROSARIO,SANTA BARBARA,RURAL,MAYORITARIA,CENTRO
CALDONO,119137000293,I.E. INSTITUTO EDUCATIVO DE FORMACION INTERCULTURAL COMUNITARIO KWESX UMA KIWE - INFIKUK,CENTRO DE FORMACION AGROAMBIENTAL - KIWE ÇEHK FXI´ZE WA´ -EL PORVENIR CALDONO- CEFAKIÇ,RURAL,INDÍGENA,NORTE
CALDONO,119137000293,I.E. INSTITUTO EDUCATIVO DE FORMACION INTERCULTURAL COMUNITARIO KWESX UMA KIWE - INFIKUK,CENTRO DOCENTE RURAL MIXTA SANTA ELENA,RURAL,INDÍGENA,NORTE
CALDONO,119137000293,I.E. INSTITUTO EDUCATIVO DE FORMACION INTERCULTURAL COMUNITARIO KWESX UMA KIWE - INFIKUK,CENTRO DOCENTE RURAL MIXTO VEINTE DE JULIO,RURAL,INDÍGENA,NORTE
CALDONO,119137000293,I.E. INSTITUTO EDUCATIVO DE FORMACION INTERCULTURAL COMUNITARIO KWESX UMA KIWE - INFIKUK,CENTRO DOCENTE RURAL MIXTO PUEBLO NUEVO,RURAL,INDÍGENA,NORTE
CALDONO,119137000293,I.E. INSTITUTO EDUCATIVO DE FORMACION INTERCULTURAL COMUNITARIO KWESX UMA KIWE - INFIKUK,CENTRO DOCENTE PIOYA,RURAL,INDÍGENA,NORTE
CALDONO,119137000293,I.E. INSTITUTO EDUCATIVO DE FORMACION INTERCULTURAL COMUNITARIO KWESX UMA KIWE - INFIKUK,CENTRO DOCENTE RURAL MIXTO SAN JUANITO,RURAL,INDÍGENA,NORTE
CALDONO,119137000293,I.E. INSTITUTO EDUCATIVO DE FORMACION INTERCULTURAL COMUNITARIO KWESX UMA KIWE - INFIKUK,ESCUELA RURAL MIXTA EL RINCON,RURAL,INDÍGENA,NORTE
CALDONO,119137000293,I.E. INSTITUTO EDUCATIVO DE FORMACION INTERCULTURAL COMUNITARIO KWESX UMA KIWE - INFIKUK,ESCUELA RURAL MIXTA DE FILIPINAS,RURAL,INDÍGENA,NORTE
CALDONO,119137000293,I.E. INSTITUTO EDUCATIVO DE FORMACION INTERCULTURAL COMUNITARIO KWESX UMA KIWE - INFIKUK,I.T.A. KWE´SX FXI´ZENXI KIWE ANDALUCIA,RURAL,INDÍGENA,NORTE
CALDONO,119137000293,I.E. INSTITUTO EDUCATIVO DE FORMACION INTERCULTURAL COMUNITARIO KWESX UMA KIWE - INFIKUK,ESCUELA RURAL MIXTA LA PALMA - CALDONO,RURAL,INDÍGENA,NORTE
CALDONO,119137000293,I.E. INSTITUTO EDUCATIVO DE FORMACION INTERCULTURAL COMUNITARIO KWESX UMA KIWE - INFIKUK,INSTITUTO TÉCNICO AGROPECUARIO NASA WESX KIWE DE GRANADILLO,RURAL,INDÍGENA,NORTE
CALDONO,119137000293,I.E. INSTITUTO EDUCATIVO DE FORMACION INTERCULTURAL COMUNITARIO KWESX UMA KIWE - INFIKUK,CENTRO DOCENTE MIXTO LAS MERCEDES,RURAL,INDÍGENA,NORTE
CALDONO,119137000293,I.E. INSTITUTO EDUCATIVO DE FORMACION INTERCULTURAL COMUNITARIO KWESX UMA KIWE - INFIKUK,CENTRO DOCENTE RURAL MIXTO EL TARSO,RURAL,INDÍGENA,NORTE
CALDONO,119137000293,I.E. INSTITUTO EDUCATIVO DE FORMACION INTERCULTURAL COMUNITARIO KWESX UMA KIWE - INFIKUK,CENTRO REAL LA ESMERALDA,RURAL,INDÍGENA,NORTE
CALDONO,119137000293,I.E. INSTITUTO EDUCATIVO DE FORMACION INTERCULTURAL COMUNITARIO KWESX UMA KIWE - INFIKUK,CENTRO DOCENTE  EL CARRIZAL,RURAL,INDÍGENA,NORTE
CALDONO,119137000293,I.E. INSTITUTO EDUCATIVO DE FORMACION INTERCULTURAL COMUNITARIO KWESX UMA KIWE - INFIKUK,CENTRO DOCENTE RURAL MIXTO EL GUAICO ALIZAL SIBERIA,RURAL,INDÍGENA,NORTE
CALDONO,119137000293,I.E. INSTITUTO EDUCATIVO DE FORMACION INTERCULTURAL COMUNITARIO KWESX UMA KIWE - INFIKUK,CENTRO DOCENTE NARCIZO,RURAL,INDÍGENA,NORTE
CALDONO,119137000293,I.E. INSTITUTO EDUCATIVO DE FORMACION INTERCULTURAL COMUNITARIO KWESX UMA KIWE - INFIKUK,ESCUELA RURAL MIXTA EL PORVENIR-PESCADOR,RURAL,INDÍGENA,NORTE
CALDONO,119137000293,I.E. INSTITUTO EDUCATIVO DE FORMACION INTERCULTURAL COMUNITARIO KWESX UMA KIWE - INFIKUK,CENTRO DOCENTE RURAL MIXTO LA AGUADA,RURAL,INDÍGENA,NORTE
CALDONO,119137000293,I.E. INSTITUTO EDUCATIVO DE FORMACION INTERCULTURAL COMUNITARIO KWESX UMA KIWE - INFIKUK,CENTRO DOCENTE LAS DELICIAS CALDONO,RURAL,INDÍGENA,NORTE
CALDONO,119137000293,I.E. INSTITUTO EDUCATIVO DE FORMACION INTERCULTURAL COMUNITARIO KWESX UMA KIWE - INFIKUK,CENTRO DOCENTE RURAL MIXTO VILLA HERMOSA,RURAL,INDÍGENA,NORTE
CALDONO,119137000293,I.E. INSTITUTO EDUCATIVO DE FORMACION INTERCULTURAL COMUNITARIO KWESX UMA KIWE - INFIKUK,CENTRO DOCENTE RURAL MIXTO SAN JOSE DE LOS MONOS,RURAL,INDÍGENA,NORTE
CALDONO,119137000293,I.E. INSTITUTO EDUCATIVO DE FORMACION INTERCULTURAL COMUNITARIO KWESX UMA KIWE - INFIKUK,CENTRO DOCENTE RURAL MIXTO PALESTINA,RURAL,INDÍGENA,NORTE
CALDONO,119137000293,I.E. INSTITUTO EDUCATIVO DE FORMACION INTERCULTURAL COMUNITARIO KWESX UMA KIWE - INFIKUK,CENTRO DOCENTE EL AZUL,RURAL,INDÍGENA,NORTE
CALDONO,219137000034,C.E. EL PITAL,EL ROSAL,RURAL,MAYORITARIA,NORTE
CALDONO,219137000051,C.E. EL CABUYAL, EL CABUYAL (sede principal),RURAL,MAYORITARIA,NORTE
CALDONO,219137000051,C.E. EL CABUYAL,PUENTE REAL,RURAL,MAYORITARIA,NORTE
CALDONO,219137000077,C.E. CAMPO ALEGRE, CAMPO ALEGRE (sede principal),RURAL,MAYORITARIA,NORTE
CALDONO,219137000077,C.E. CAMPO ALEGRE,LA BUITRERA,RURAL,MAYORITARIA,NORTE
CALDONO,219137000352,C.E. LA LAGUNA,LOS QUINGOS,RURAL,MAYORITARIA,NORTE
CALDONO,219137000751,I.E. GUILLERMO LEON VALENCIA,PALERMO,RURAL,MAYORITARIA,NORTE
CALDONO,219137000883,I.E. LOS COMUNEROS,NINAS DE SIBERIA,RURAL,MAYORITARIA,NORTE
CALDONO,219137000883,I.E. LOS COMUNEROS,LAS VENTANAS,RURAL,MAYORITARIA,NORTE
CALOTO,119142000471,I.E. ESCIPION JARAMILLO,SAN NICOLAS,RURAL,AFRO,NORTE
CALOTO,219142000026,I.E. AGRO EMPRESARIAL HUASANO ANTES (INST EDUC HUASANO),EL PEDREGAL,RURAL,MAYORITARIA,NORTE
CALOTO,219142000026,I.E. AGRO EMPRESARIAL HUASANO ANTES (INST EDUC HUASANO),EL PLACER,RURAL,MAYORITARIA,NORTE
CALOTO,219142000077,I.E.A. ETNOEDUCATIVA EL CREO ANTES (C.E.R.M. EL CREDO),CENTRO DOCENTE RURAL MIXTO EL PAJARITO,RURAL,INDÍGENA,NORTE
CALOTO,219142000310,I.E.R. INTEGRADA QUINTERO, QUINTERO (sede principal),RURAL,AFRO,NORTE
CALOTO,219142000336,I.E. COMERCIAL EL PALO,ALTO DEL PALO,RURAL,AFRO,NORTE
CALOTO,219142000506,I.E. TEC AGROPECUARIA  LA HUELLA,ESCUELA RURAL BODEGA ALTA,RURAL,INDÍGENA,NORTE
CORINTO,119212000032,I.E. NUCLEO TÉCNICO AGROPECUARIO,SAN RAFAEL,RURAL,MAYORITARIA,NORTE
CORINTO,119212000032,I.E. NUCLEO TÉCNICO AGROPECUARIO,LA MARIA,RURAL,AFRO,NORTE
CORINTO,119212000059,INSTITUCION EDUCATIVA JOSE MARIA OBANDO,EL JAGUAL,RURAL,MAYORITARIA,NORTE
CORINTO,219212000185,INSTITUCION EDUCATIVA LAS GUACAS,LA COMINERA,RURAL,MAYORITARIA,NORTE
CORINTO,219212000185,INSTITUCION EDUCATIVA LAS GUACAS,SAN LUIS ARRIBA,RURAL,MAYORITARIA,NORTE
CORINTO,219212000185,INSTITUCION EDUCATIVA LAS GUACAS,EL DESCANSO,RURAL,MAYORITARIA,NORTE
CORINTO,219212000266,CENTRO EDUCATIVO EL BARRANCO,LAS COSECHAS,RURAL,AFRO,NORTE
CORINTO,219212000339,INSTITUCION EDUCATIVA AGROPECUARIA CARRIZALES,ESCUELA RURAL MIXTA LA CAPILLA,RURAL,INDÍGENA,NORTE
CORINTO,219212000339,INSTITUCION EDUCATIVA AGROPECUARIA CARRIZALES,ESCUELA RURAL MIXTA LOS ANDES,RURAL,INDÍGENA,NORTE
CORINTO,219212000339,INSTITUCION EDUCATIVA AGROPECUARIA CARRIZALES,ESCUELA RURAL MIXTA BUENAVISTA,RURAL,INDÍGENA,NORTE
CORINTO,219212000339,INSTITUCION EDUCATIVA AGROPECUARIA CARRIZALES,COLEGIO RURAL AGROPECUARIO CARRIZALES (E.R.M. CARRIZALES),RURAL,INDÍGENA,NORTE
CORINTO,219212000339,INSTITUCION EDUCATIVA AGROPECUARIA CARRIZALES,CENTRO DOCENTE RURAL MIXTO SANTA ELENA,RURAL,INDÍGENA,NORTE
CORINTO,219212000690,INSTITUCION EDUCATIVA CARMENCITA CARDONA DE GUTIERREZ,CENTRO DOCENTE RURAL MIXTO LUIS ROSENDO LOPEZ,RURAL,INDÍGENA,NORTE
CORINTO,219212000690,INSTITUCION EDUCATIVA CARMENCITA CARDONA DE GUTIERREZ,CENTRO DOCENTE RURAL MIXTO SAN PEDRO,RURAL,INDÍGENA,NORTE
CORINTO,219212000690,INSTITUCION EDUCATIVA CARMENCITA CARDONA DE GUTIERREZ,ESCUELA RURAL MIXTA LAS CRUCES,RURAL,INDÍGENA,NORTE
EL TAMBO,119256000587,I.E. LIBORIO MEJIA,LA LAGUNA,RURAL,MAYORITARIA,CENTRO
EL TAMBO,119256000587,I.E. LIBORIO MEJIA,GUAZABARITA,RURAL,MAYORITARIA,CENTRO
EL TAMBO,119256000587,I.E. LIBORIO MEJIA,LA CUCHILLA,RURAL,MAYORITARIA,CENTRO
EL TAMBO,119256000587,I.E. LIBORIO MEJIA,EL CRUCERO,RURAL,MAYORITARIA,CENTRO
EL TAMBO,219256000123,I.E. PUEBLO NUEVO CIPRÉS, PUEBLO NUEVO CIPRÉS (sede principal),RURAL,AFRO,CENTRO
EL TAMBO,219256000158,I.E. EL PLACER (ANTES C.E. EL PLACER), EL PLACER (sede principal),RURAL,MAYORITARIA,CENTRO
EL TAMBO,219256000182,C.E. EL ZARZAL,EL HIGUERON,RURAL,MAYORITARIA,CENTRO
EL TAMBO,219256000191,I.E. CUATRO ESQUINAS,LA AGUADITA,RURAL,AFRO,CENTRO
EL TAMBO,219256000191,I.E. CUATRO ESQUINAS,EL PORVENIR,RURAL,AFRO,CENTRO
EL TAMBO,219256000191,I.E. CUATRO ESQUINAS,YUMBITO,RURAL,AFRO,CENTRO
EL TAMBO,219256000191,I.E. CUATRO ESQUINAS,VERANERAS CACHIMBO,RURAL,AFRO,CENTRO
EL TAMBO,219256000271,I.E. SEGUENGUE,SEGUENGUE (SEDE PRINCIPAL),RURAL,MAYORITARIA,CENTRO
EL TAMBO,219256000271,I.E. SEGUENGUE,CAUCA,RURAL,MAYORITARIA,CENTRO
EL TAMBO,219256000484,C.E. EL RAMAL,SABANETAS,RURAL,MAYORITARIA,CENTRO
EL TAMBO,219256000484,C.E. EL RAMAL,ORTEGA LLANOS,RURAL,MAYORITARIA,CENTRO
EL TAMBO,219256000646,C.E. RIO SUCIO, RIOSUCIO (sede principal),RURAL,MAYORITARIA,CENTRO
EL TAMBO,219256000697,I.E. PIAGUA,PUERTO RICO,RURAL,MAYORITARIA,CENTRO
EL TAMBO,219256000697,I.E. PIAGUA,MUYUNGA,RURAL,MAYORITARIA,CENTRO
EL TAMBO,219256000719,C.E. PANDIGUANDO, LOS ANGELES,RURAL,MAYORITARIA,CENTRO
EL TAMBO,219256000719,C.E. PANDIGUANDO,LISBOA DAJUANDO,RURAL,MAYORITARIA,CENTRO
EL TAMBO,219256000719,C.E. PANDIGUANDO,PIEDRA SANTA,RURAL,MAYORITARIA,CENTRO
EL TAMBO,219256001138,C.E. LA CHICUENA,LIMONCITO,RURAL,MAYORITARIA,CENTRO
EL TAMBO,219256001481,C.E. PALMICHAL,TAMBORAL,RURAL,MAYORITARIA,CENTRO
EL TAMBO,219256001481,C.E. PALMICHAL, RIO HONDO ,RURAL,MAYORITARIA,CENTRO
EL TAMBO,219256001481,C.E. PALMICHAL,PASOMALO,RURAL,MAYORITARIA,CENTRO
EL TAMBO,219256001481,C.E. PALMICHAL,EL CASCAJAL,RURAL,MAYORITARIA,CENTRO
EL TAMBO,219256002100,C.E. CERRITO,SAN PEDRO,RURAL,MAYORITARIA,CENTRO
EL TAMBO,219256002100,C.E. CERRITO, CERRITO (sede principal),RURAL,MAYORITARIA,CENTRO
EL TAMBO,219256003700,I.E. AGROECOLOGICO DE SEVILLA, SEVILLA (sede principal),RURAL,MAYORITARIA,CENTRO
EL TAMBO,419256000599,I.E. FUNDACION PARA LA EDUCACION AGROPECUARIA JOSE MARIA OBANDO,LOMA DE ASTUDILLO,RURAL,MAYORITARIA,CENTRO
FLORENCIA,219450000088,C.E. MARSELLA, MARSELLA (sede principal),RURAL,MAYORITARIA,SUR
FLORENCIA,219450000568,I.E. EL ROSARIO, EL ROSARIO (sede principal),RURAL,MAYORITARIA,SUR
GUACHENE,219142000131,I.E. LA CABAÑA,LAS VERANERAS,RURAL,AFRO,NORTE
GUACHENE,219142000239,I.E. ECOLOGICA VEREDAS UNIDAS BARRAGÁN,LA CAPONERA,RURAL,AFRO,NORTE
GUAPI,219318000435,I.E. CHUARE NAPI,NUEVA SAN ANTONIO NAPI,RURAL,AFRO,PACIFICO
GUAPI,219318000443,I.E. SAN AGUSTIN DEL NAPI,CALLE LARGA,RURAL,AFRO,PACIFICO
GUAPI,219318000851,C.E. EL FIRME,BELLAVISTA CHANZARA,RURAL,AFRO,PACIFICO
GUAPI,219318001938,I.E. FRAY LUIS AMIGO, FRAY LUIS AMIGO (SEDE PRINCIPAL),RURAL,AFRO,PACIFICO
INZA,219355000119,CENTRO EDUCATIVO LA PALMERA, LA PALMERA (sede principal),RURAL,MAYORITARIA,ORIENTE
INZA,219355000119,CENTRO EDUCATIVO LA PALMERA,BELEN,RURAL,MAYORITARIA,ORIENTE
INZA,219355000283,INST EDUC JIISA FXIW (ANTES CENT EDUC JIISA FXIW RESGUARDO INDIG DE YAQUIVA),ESCUELA RURAL MIXTA LOS NARANJOS DEL CABUYO,RURAL,INDÍGENA,ORIENTE
INZA,219355000283,INST EDUC JIISA FXIW (ANTES CENT EDUC JIISA FXIW RESGUARDO INDIG DE YAQUIVA),ESCUELA RURAL MIXTA YAQUIVA,RURAL,INDÍGENA,ORIENTE
INZA,219355000372,INSTITUCION EDUCATIVA SANTA TERESITA DEL NIÑO JESUS,SAN MIGUEL,RURAL,MAYORITARIA,ORIENTE
INZA,219355000372,INSTITUCION EDUCATIVA SANTA TERESITA DEL NIÑO JESUS,YARUMAL,RURAL,MAYORITARIA,ORIENTE
INZA,219355000372,INSTITUCION EDUCATIVA SANTA TERESITA DEL NIÑO JESUS,SAN MARTIN,RURAL,MAYORITARIA,ORIENTE
INZA,219355000411,I.E. SAN ISIDRO, SAN ISIDRO (sede principal),RURAL,MAYORITARIA,ORIENTE
INZA,219355000704,INSTITUCION EDUCATIVA SAN ANTONIO,SAN ANTONIO (sede principal),RURAL,MAYORITARIA,ORIENTE
INZA,219355001131,I.E. AGROAMBIENTAL A´KWE ÜUS YAT,ESCUELA RURAL MIXTA  BELENCITO,RURAL,INDÍGENA,ORIENTE
INZA,219355001131,I.E. AGROAMBIENTAL A´KWE ÜUS YAT,ESCUELA RURAL MIXTA EL CARMEN,RURAL,INDÍGENA,ORIENTE
INZA,219355001158,INSTITUCION EDUCATIVA AGRICOLA LUIS NELSON CUELLAR,PUERTO RICO,RURAL,MAYORITARIA,ORIENTE
INZA,219355001158,INSTITUCION EDUCATIVA AGRICOLA LUIS NELSON CUELLAR,BELLAVISTA,RURAL,MAYORITARIA,ORIENTE
INZA,219355001158,INSTITUCION EDUCATIVA AGRICOLA LUIS NELSON CUELLAR,AGUA BLANCA,RURAL,MAYORITARIA,ORIENTE
INZA,219355001166,INSTITUCION EDUCATIVA AGRICOLA NUESTRA SENORA DE LA CANDELARIA,EL RINCON,RURAL,MAYORITARIA,ORIENTE
INZA,219355001166,INSTITUCION EDUCATIVA AGRICOLA NUESTRA SENORA DE LA CANDELARIA, TURMINA,RURAL,MAYORITARIA,ORIENTE
INZA,219355001166,INSTITUCION EDUCATIVA AGRICOLA NUESTRA SENORA DE LA CANDELARIA,GUETACO,RURAL,MAYORITARIA,ORIENTE
INZA,219355001166,INSTITUCION EDUCATIVA AGRICOLA NUESTRA SENORA DE LA CANDELARIA, NUESTRA SENORA DE LA CANDELARIA (sede principal),RURAL,MAYORITARIA,ORIENTE
INZA,219355001191,I.E. MICROEMPRESARIAL AGROPECUARIO SAN ANDRÉS,SEGOVIA,RURAL,MAYORITARIA,ORIENTE
INZA,319355000857,INST EDUC INZA ANTES (INSTITUCION EDUCATIVA RURAL MIXTA INZA),RIO NEGRO,RURAL,MAYORITARIA,ORIENTE
INZA,319355000857,INST EDUC INZA ANTES (INSTITUCION EDUCATIVA RURAL MIXTA INZA), EL CARMEN DE VIBORA,RURAL,MAYORITARIA,ORIENTE
INZA,319355000857,INST EDUC INZA ANTES (INSTITUCION EDUCATIVA RURAL MIXTA INZA),LA LAGUNITA,RURAL,MAYORITARIA,ORIENTE
INZA,419355000207,INST EDUC TUMBICHUCUE (ANTES CENT EDUC TUMBICHUCUE),ESCUELA RURAL MIXTA TUMBICHUCUE,RURAL,INDÍGENA,ORIENTE
INZA,419355000479,I.E. TÉCNICO EMPRESARIAL DE SAN JOSÉ,EL PALMICHAL,RURAL,MAYORITARIA,ORIENTE
INZA,419355000479,I.E. TÉCNICO EMPRESARIAL DE SAN JOSÉ,SAN RAFAEL,RURAL,MAYORITARIA,ORIENTE
INZA,419355000479,I.E. TÉCNICO EMPRESARIAL DE SAN JOSÉ, SAN JOSÉ (sede principal),RURAL,MAYORITARIA,ORIENTE
INZA,419355000649,I.E. AGROPECUARIA KPI SX ZUN CALDERAS,I.E. AGROPECUARIA KPI SX ZUN CALDERAS - CALDERAS - SEDE PRINCIPAL,RURAL,INDÍGENA,ORIENTE
JAMBALO,119364000267,I.E. BACHILLERATO TECNICO AGRICOLA DE JAMBALO,ESCUELA RURAL MIXTA SOLAPA,RURAL,INDÍGENA,NORTE
JAMBALO,119364000267,I.E. BACHILLERATO TECNICO AGRICOLA DE JAMBALO,CENTRO DOCENTE ESCUELA LA ODISEA,RURAL,INDÍGENA,NORTE
JAMBALO,119364000267,I.E. BACHILLERATO TECNICO AGRICOLA DE JAMBALO,CENTRO DOCENTE RURAL MIXTO LOMA LARGA,RURAL,INDÍGENA,NORTE
JAMBALO,119364000267,I.E. BACHILLERATO TECNICO AGRICOLA DE JAMBALO,CENTRO DOCENTE RURAL MIXTO SAN ANTONIO,RURAL,INDÍGENA,NORTE
JAMBALO,119364000267,I.E. BACHILLERATO TECNICO AGRICOLA DE JAMBALO,ESCUELA RURAL MIXTA LOMA GORDA,RURAL,INDÍGENA,NORTE
JAMBALO,219364000105,C.E. AGROCULTURAL PARA EL DESARROLLO TERRITORIAL CEACDT ÙUS KI`PNI KIWE ,CENTRO DOCENTE RURAL MIXTO PALETON,RURAL,INDÍGENA,NORTE
JAMBALO,219364000440,INSTITUCION EDUCATIVA DE FORMACION INTEGRAL MARDEN ARNULFO BETANCUR ZONA BAJA,CENTRO DOCENTE RURAL VALLES HONDOS,RURAL,INDÍGENA,NORTE
JAMBALO,219364000440,INSTITUCION EDUCATIVA DE FORMACION INTEGRAL MARDEN ARNULFO BETANCUR ZONA BAJA,ESCUELA RURAL MIXTA LOMA REDONDA,RURAL,INDÍGENA,NORTE
JAMBALO,219364000440,INSTITUCION EDUCATIVA DE FORMACION INTEGRAL MARDEN ARNULFO BETANCUR ZONA BAJA,CENTRO DOCENTE RURAL MIXTO LOMA GRUESA,RURAL,INDÍGENA,NORTE
JAMBALO,219364000440,INSTITUCION EDUCATIVA DE FORMACION INTEGRAL MARDEN ARNULFO BETANCUR ZONA BAJA,CENTRO DOCENTE RURAL MIXTO EL VOLADERO,RURAL,INDÍGENA,NORTE
JAMBALO,219364000440,INSTITUCION EDUCATIVA DE FORMACION INTEGRAL MARDEN ARNULFO BETANCUR ZONA BAJA,CENTRO DOCENTE RURAL MIXTO LA PALMA,RURAL,INDÍGENA,NORTE
JAMBALO,219364000458,KWE´SE PIYA YAT (NUESTROS SITIOS DE APRENDIZAJE),CENTRO DOCENTE RURAL MIXTA ULLUCOS,RURAL,INDÍGENA,NORTE
JAMBALO,219364000458,KWE´SE PIYA YAT (NUESTROS SITIOS DE APRENDIZAJE),ESCUELA COMUNITARIA ALTAMIRA BATEAS,RURAL,INDÍGENA,NORTE
JAMBALO,219364000458,KWE´SE PIYA YAT (NUESTROS SITIOS DE APRENDIZAJE),CENTRO DOCENTE RURAL MIXTA EL TABLON,RURAL,INDÍGENA,NORTE
JAMBALO,219364000458,KWE´SE PIYA YAT (NUESTROS SITIOS DE APRENDIZAJE),CENTRO DOCENTE RURAL MIXTO EL TRAPICHE LA MARIA,RURAL,INDÍGENA,NORTE
JAMBALO,219364000458,KWE´SE PIYA YAT (NUESTROS SITIOS DE APRENDIZAJE),CENTRO DOCENTE GUAYOPE,RURAL,INDÍGENA,NORTE
LA SIERRA,219392000030,CENTRO EDUCATIVO EL TUNEL, EL TUNEL (sede principal),RURAL,MAYORITARIA,MACIZO
LA SIERRA,219392000048,CENTRO EDUCATIVO FRONTINO BAJO,FRONTINO ALTO (SEDE PRINCIPAL),RURAL,MAYORITARIA,MACIZO
LA SIERRA,219392000072,CENTRO EDUCATIVO LOS ARBOLES, LOS ARBOLES (sede principal),RURAL,MAYORITARIA,MACIZO
LA SIERRA,219392000072,CENTRO EDUCATIVO LOS ARBOLES,TARUCA,RURAL,AFRO,MACIZO
LA SIERRA,219392000072,CENTRO EDUCATIVO LOS ARBOLES,SANTA LUCIA,RURAL,AFRO,MACIZO
LA SIERRA,219392000102,INSTITUCION EDUCATIVA TECNICO AGROAMBIENTAL EL MORAL,ESCUELA RURAL MIXTA EL SALERO,RURAL,INDÍGENA,MACIZO
LA SIERRA,219392000102,INSTITUCION EDUCATIVA TECNICO AGROAMBIENTAL EL MORAL,ESCUELA RURAL MIXTA LOS ROBLES,RURAL,INDÍGENA,MACIZO
LA SIERRA,219392000200,CENTRO EDUCATIVO EL LAMEDERO, EL LAMEDERO (sede principal),RURAL,AFRO,MACIZO
LA SIERRA,219392000439,CENTRO EDUCATIVO EL PORVENIR, EL PORVENIR (sede principal),RURAL,MAYORITARIA,MACIZO
LA SIERRA,219392000978,INSTITUCION EDUCATIVA LA DEPRESION (ANTES CENTRO EDUCATIVO LA DEPRESION),LA DEPRESION,RURAL,AFRO,MACIZO
LA VEGA,219397000020,INSTITUCION EDUCATIVA SANTA JUANA DE ARCO,DOMINICAL,RURAL,MAYORITARIA,MACIZO
LA VEGA,219397000062,INSTITUCION EDUCATIVA SANTA ROSA DE LIMA, SANTA ROSA DE LIMA ARBELA (sede principal),RURAL,MAYORITARIA,MACIZO
LA VEGA,219397000399,INSTITUCION EDUCATIVA NUESTRA SENORA DE LA CANDELARIA,ESCUELA RURAL MIXTA JULIAN,RURAL,INDÍGENA,MACIZO
LA VEGA,219397000399,INSTITUCION EDUCATIVA NUESTRA SENORA DE LA CANDELARIA,ESCUELA RURAL MIXTA LA ZANJA,RURAL,INDÍGENA,MACIZO
LA VEGA,219397000461,INSTITUCION EDUCATIVA AGROPECUARIO SAN FRANCISCO JAVIER,GUAYABAL,RURAL,MAYORITARIA,MACIZO
LA VEGA,219397000461,INSTITUCION EDUCATIVA AGROPECUARIO SAN FRANCISCO JAVIER,LA FLORIDA,RURAL,MAYORITARIA,MACIZO
LA VEGA,219397000461,INSTITUCION EDUCATIVA AGROPECUARIO SAN FRANCISCO JAVIER,LA PINTADA,RURAL,MAYORITARIA,MACIZO
LA VEGA,219397000461,INSTITUCION EDUCATIVA AGROPECUARIO SAN FRANCISCO JAVIER,GARAY,RURAL,MAYORITARIA,MACIZO
LA VEGA,219397000551,INST EDUC BARBILLAS ANTES CENT DOC,CENTRO DOCENTE BARBILLAS,RURAL,INDÍGENA,MACIZO
LA VEGA,219397000887,C.E. YACHAY CHURIKUNA ,ESCUELA RURAL MIXTA SANTA BARBARA,RURAL,INDÍGENA,MACIZO
LA VEGA,219397000887,C.E. YACHAY CHURIKUNA ,E.R.M. EL PARAISO - SEDE PRINCIPAL,RURAL,INDÍGENA,MACIZO
LA VEGA,219397002022,INSTITUCION EDUCATIVA AGROPECUARIA SANTA RITA,CAMPO ALEGRE,RURAL,MAYORITARIA,MACIZO
LA VEGA,219397002022,INSTITUCION EDUCATIVA AGROPECUARIA SANTA RITA,LA PLAYA,RURAL,MAYORITARIA,MACIZO
LA VEGA,219397002022,INSTITUCION EDUCATIVA AGROPECUARIA SANTA RITA,VILLA MARIA,RURAL,MAYORITARIA,MACIZO
LA VEGA,219397002022,INSTITUCION EDUCATIVA AGROPECUARIA SANTA RITA,EL PALMAR,RURAL,MAYORITARIA,MACIZO
LA VEGA,219397002022,INSTITUCION EDUCATIVA AGROPECUARIA SANTA RITA,SANTA RITA,RURAL,MAYORITARIA,MACIZO
LA VEGA,219397092111,INSTITUCION EDUCATIVA AGROPECUARIO YANACONAS,ESCUELA RURAL MIXTA CAJIBIO,RURAL,INDÍGENA,MACIZO
LA VEGA,219397092111,INSTITUCION EDUCATIVA AGROPECUARIO YANACONAS,ESCUELA RURAL MIXTA EL ARADO,RURAL,INDÍGENA,MACIZO
LA VEGA,219397092111,INSTITUCION EDUCATIVA AGROPECUARIO YANACONAS,ESCUELA RURAL MIXTA RIO NEGRO,RURAL,INDÍGENA,MACIZO
LA VEGA,219397092111,INSTITUCION EDUCATIVA AGROPECUARIO YANACONAS,ESCUELA RURAL MIXTA ALTO DE LAS PALMAS,RURAL,INDÍGENA,MACIZO
LA VEGA,219397092111,INSTITUCION EDUCATIVA AGROPECUARIO YANACONAS,ESCUELA RURAL MIXTA MONTERREDONDO,RURAL,INDÍGENA,MACIZO
LOPEZ DE MICAY,219418000378,INSTITUCION EDUCATIVA SAGRADA FAMILIA,SAGRADA FAMILIA (SEDE PRINCIPAL),RURAL,AFRO,PACIFICO
LOPEZ DE MICAY,219418000378,INSTITUCION EDUCATIVA SAGRADA FAMILIA,EL TRUENO,RURAL,AFRO,PACIFICO
LOPEZ DE MICAY,219418000378,INSTITUCION EDUCATIVA SAGRADA FAMILIA,SAN PEDRO,RURAL,AFRO,PACIFICO
LOPEZ DE MICAY,219418000378,INSTITUCION EDUCATIVA SAGRADA FAMILIA,LAS CRUCES,RURAL,AFRO,PACIFICO
LOPEZ DE MICAY,219418000378,INSTITUCION EDUCATIVA SAGRADA FAMILIA,SAN FERNANDO,RURAL,AFRO,PACIFICO
LOPEZ DE MICAY,219418000378,INSTITUCION EDUCATIVA SAGRADA FAMILIA,BETANIA,RURAL,AFRO,PACIFICO
LOPEZ DE MICAY,219418000378,INSTITUCION EDUCATIVA SAGRADA FAMILIA, EL CACAO ,RURAL,AFRO,PACIFICO
LOPEZ DE MICAY,219418000386,I.E. DOS QUEBRADAS,CONCEPCION,RURAL,AFRO,PACIFICO
LOPEZ DE MICAY,219418000891,I.E. SANTA CRUZ ALTO SIGUI, SANTA CRUZ DEL SIGUI (sede principal),RURAL,AFRO,PACIFICO
LOPEZ DE MICAY,219418001226,INSTITUCION EDUCATIVA AGUA CLARA GOLONDRO,SAN FRANCISCO ADENTRO,RURAL,AFRO,PACIFICO
LOPEZ DE MICAY,219418001404,C.E. CACAHUAL, CACAHUAL (sede principal),RURAL,AFRO,PACIFICO
LOPEZ DE MICAY,219418001439,I.E.A. MAXIMINO GARABATO ANTES(I.E. INDIG MAXIMINO GARABATO),I.E.A. MAXIMINO GARABATO ANTES (I.E. INDÍGENA MAXIMINO GARABATO) - SEDE PRINCIPAL,RURAL,INDÍGENA,PACIFICO
LOPEZ DE MICAY,219418001595,I.E. SAN ANTONIO DE CHUARE,SAN ISIDRO,RURAL,AFRO,PACIFICO
LOPEZ DE MICAY,219418001595,I.E. SAN ANTONIO DE CHUARE, SAN ANTONIO DE CHUARE (sede principal),RURAL,AFRO,PACIFICO
LOPEZ DE MICAY,319418000011,I.E. PABLO VI,YULLAL JOLI,RURAL,AFRO,PACIFICO
LOPEZ DE MICAY,319418000011,I.E. PABLO VI,SAN ANTONIO DE GURUMENDI,RURAL,AFRO,PACIFICO
MERCADERES,219450000096,I.E. MOJARRAS,EL PILON,RURAL,AFRO,SUR
MERCADERES,219450000096,I.E. MOJARRAS,EL COCAL,RURAL,MAYORITARIA,SUR
MERCADERES,219450000126,I.E. LOS SOMBRERILLOS, LOS SOMBRERILLOS (sede principal),RURAL,MAYORITARIA,SUR
MERCADERES,219450000126,I.E. LOS SOMBRERILLOS,CARBONERO,RURAL,MAYORITARIA,SUR
MERCADERES,219450000282,C.E. ESMERALDAS,ESMERALDAS (sede principal),RURAL,MAYORITARIA,SUR
MERCADERES,219450000282,C.E. ESMERALDAS,LOS ALPES,RURAL,MAYORITARIA,SUR
MERCADERES,219450000312,INSTITUCION EDUCATIVA SAN JUANITO,ESPERANZAS DE MAYO,RURAL,MAYORITARIA,SUR
MERCADERES,219450000312,INSTITUCION EDUCATIVA SAN JUANITO,BUENOS AIRES,RURAL,MAYORITARIA,SUR
MERCADERES,219450000312,INSTITUCION EDUCATIVA SAN JUANITO,INSTITUCION EDUCATIVA SAN JUANITO (SEDE PRINCIPAL),RURAL,MAYORITARIA,SUR
MERCADERES,219450000461,INSTITUCION EDUCATIVA CAJAMARCA,INSTITUCION EDUCATIVA CAJAMARCA (SEDE PRINCIPAL),RURAL,AFRO,SUR
MERCADERES,219450001254,INSTITUCION EDUCATIVA CURACAS,ESCUELA RURAL MIXTA LA MONJITA,RURAL,MAYORITARIA,SUR
MERCADERES,219450001378,I.E.A. ISRAEL MARÍA NARVÁEZ,LA MONJA,RURAL,MAYORITARIA,SUR
MERCADERES,219450001378,I.E.A. ISRAEL MARÍA NARVÁEZ,VILLAMARIA,RURAL,MAYORITARIA,SUR
MERCADERES,219450001378,I.E.A. ISRAEL MARÍA NARVÁEZ,LOS LLANOS,RURAL,MAYORITARIA,SUR
MERCADERES,419450001270,I.E.A. ARBOLEDA,ARBOLEDA,RURAL,MAYORITARIA,SUR
MIRANDA,219455000299,INSTITUCION EDUCATIVA EL CABILDO (ANTES CENTRO EDUCATIVO EL CABILDO),ESCUELA RURAL MIXTA LA CALERA,RURAL,INDÍGENA,NORTE
MIRANDA,219455000299,INSTITUCION EDUCATIVA EL CABILDO (ANTES CENTRO EDUCATIVO EL CABILDO),ESCUELA RURAL MIXTA EL OTOVAL,RURAL,INDÍGENA,NORTE
MIRANDA,219455000370,INSTITUCION EDUCATIVA TECNICO EL ORTIGAL,TULIPAN,RURAL,AFRO,NORTE
MIRANDA,219455000370,INSTITUCION EDUCATIVA TECNICO EL ORTIGAL,LA LINDOSA,RURAL,AFRO,NORTE
MIRANDA,219455000558,INST EDUC SANTA ANA,SAN ANDRES,RURAL,AFRO,NORTE
MIRANDA,219455000558,INST EDUC SANTA ANA,SANTA ANA,RURAL,AFRO,NORTE
MIRANDA,319455000200,INSTITUCION EDUCATIVA EL ROSARIO,GUATEMALA,RURAL,MAYORITARIA,NORTE
MORALES,219473000107,INSTITUCION EDUCATIVA INDIGENA EL MESON,ESCUELA EL MESON,RURAL,INDÍGENA,CENTRO
MORALES,219473000174,CENTRO EDUCATIVO EL PORVENIR, LA ESTACION,RURAL,MAYORITARIA,CENTRO
MORALES,219473000174,CENTRO EDUCATIVO EL PORVENIR,EL PORVENIR (sede principal),RURAL,MAYORITARIA,CENTRO
MORALES,219473000174,CENTRO EDUCATIVO EL PORVENIR, SAN ANTONIO,RURAL,MAYORITARIA,CENTRO
MORALES,219473000174,CENTRO EDUCATIVO EL PORVENIR,LOS CAFES,RURAL,MAYORITARIA,CENTRO
MORALES,219473000174,CENTRO EDUCATIVO EL PORVENIR,EL DANUBIO,RURAL,MAYORITARIA,CENTRO
MORALES,219473000247,CENTRO EDUCATIVO CANAVERAL, ALTERNADA DE CANAVERAL (sede principal),RURAL,MAYORITARIA,CENTRO
MORALES,219473000263,INSTITUCION EDUCATIVA EL MANGO,EL CERRO,RURAL,MAYORITARIA,CENTRO
MORALES,219473000336,INSTITUCION EDUCATIVA RENACER AFRO, PAN DE AZUCAR,RURAL,AFRO,CENTRO
MORALES,219473000336,INSTITUCION EDUCATIVA RENACER AFRO,EL SOCORRO (SEDE PRINCIPAL),RURAL,AFRO,CENTRO
MORALES,219473000590,INSTITUCION EDUCATIVA INDIGENA CHIMBORAZO,ESCUELA  AA. CIPO LA LIBERIA,RURAL,INDÍGENA,CENTRO
MORALES,219473006504,INSTITUCION EDUCATIVA AGROPECUARIA HERMES MARTINEZ,LA ESTRELLA,RURAL,MAYORITARIA,CENTRO
MORALES,219473006512,I.E. AGROPECUARIA MAXIMO GOMEZ,SANTA BARBARA,RURAL,MAYORITARIA,CENTRO
MORALES,219473006512,I.E. AGROPECUARIA MAXIMO GOMEZ,SAN ROQUE,RURAL,MAYORITARIA,CENTRO
MORALES,219473006661,CENTRO INTEGRAL DE FORMACIÓN E INVESTIGACIÓN WAMPIANO,CENTRO INTEGRAL DE FORMACIÓN E INVESTIGACIÓN WAMPIANO - SEDE PRINCIPAL,RURAL,INDÍGENA,CENTRO
PAEZ,219517000061,INST EDUC TEC AGRO-INDT SANTO DOMINGO SABIO (ANTES INST EDUC SANTO DOMINGO SABIO),ESCUELA RURAL MIXTA DE COHETANDO,RURAL,INDÍGENA,ORIENTE
PAEZ,219517000061,INST EDUC TEC AGRO-INDT SANTO DOMINGO SABIO (ANTES INST EDUC SANTO DOMINGO SABIO),ESCUELA LA FLORIDA,RURAL,INDÍGENA,ORIENTE
PAEZ,219517000061,INST EDUC TEC AGRO-INDT SANTO DOMINGO SABIO (ANTES INST EDUC SANTO DOMINGO SABIO),CENTRO DOCENTE CALOTO COHETANDO,RURAL,INDÍGENA,ORIENTE
PAEZ,219517000061,INST EDUC TEC AGRO-INDT SANTO DOMINGO SABIO (ANTES INST EDUC SANTO DOMINGO SABIO),ESCUELA RURAL MIXTA LA MESA DE COHETANDO,RURAL,INDÍGENA,ORIENTE
PAEZ,219517000061,INST EDUC TEC AGRO-INDT SANTO DOMINGO SABIO (ANTES INST EDUC SANTO DOMINGO SABIO),ESCUELA RURAL MIXTA LA MESA DE TOGOIMA,RURAL,INDÍGENA,ORIENTE
PAEZ,219517000061,INST EDUC TEC AGRO-INDT SANTO DOMINGO SABIO (ANTES INST EDUC SANTO DOMINGO SABIO),ESCUELA RURAL MIXTA LAS DELICIAS CALOTO,RURAL,INDÍGENA,ORIENTE
PAEZ,219517000118,I.E. TÉCNICA AGROP. FELIX MARIA PENNA,ESCUELA RURAL MIXTA SAN LUIS,RURAL,INDÍGENA,ORIENTE
PAEZ,219517000151,C.E. ACESI (ASOCIACION DE CENTROS EDUCATIVOS DEL SIMBOLA),C.E. ACESI (ASOCIACION DE CENTROS EDUCATIVOS DEL SIMBOLA) - SEDE PRINCIPAL,RURAL,INDÍGENA,ORIENTE
PAEZ,219517000151,C.E. ACESI (ASOCIACION DE CENTROS EDUCATIVOS DEL SIMBOLA),ESCUELA RURAL MIXTA EL RODEO,RURAL,INDÍGENA,ORIENTE
PAEZ,219517000151,C.E. ACESI (ASOCIACION DE CENTROS EDUCATIVOS DEL SIMBOLA),ESCUELA RURAL MIXTA LA MARIA,RURAL,INDÍGENA,ORIENTE
PAEZ,219517000169,CENTRO EDUCATIVO EL CARMEN DEL SALADO,ESCUELA RURAL MIXTA SAN ANTONIO DEL SALADO,RURAL,INDÍGENA,ORIENTE
PAEZ,219517000169,CENTRO EDUCATIVO EL CARMEN DEL SALADO,ESCUELA EL CARMEN DEL SALADO,RURAL,INDÍGENA,ORIENTE
PAEZ,219517000169,CENTRO EDUCATIVO EL CARMEN DEL SALADO,ESCUELA RURAL MIXTA EL CANELO,RURAL,INDÍGENA,ORIENTE
PAEZ,219517000177,I.E. TECNICO AGROPECUARIA ANGELINA GULLUMUZ,ESCUELA RURAL MIXTA VILLA RODRIGUEZ,RURAL,INDÍGENA,ORIENTE
PAEZ,219517000177,I.E. TECNICO AGROPECUARIA ANGELINA GULLUMUZ,ESCUELA RURAL MIXTA DE COQUIYO,RURAL,INDÍGENA,ORIENTE
PAEZ,219517000177,I.E. TECNICO AGROPECUARIA ANGELINA GULLUMUZ,ESCUELA RURAL MIXTA SAN VICENTE DE TOGOIMA,RURAL,INDÍGENA,ORIENTE
PAEZ,219517000185,INSTITUCION EDUCATIVA EL CUARTEL,ESCUELA EL CUARTEL,RURAL,INDÍGENA,ORIENTE
PAEZ,219517000240,INST EDUC LA MURALLA,ESCUELA RURAL MIXTA LA MURALLA,RURAL,INDÍGENA,ORIENTE
PAEZ,219517000291,I.E. INSTITUTO AGRICOLA FELIX MARIA ORTIZ,ASCENCIO,RURAL,AFRO,ORIENTE
PAEZ,219517000291,I.E. INSTITUTO AGRICOLA FELIX MARIA ORTIZ, FELIX MARIA ORTIZ (sede principal),RURAL,AFRO,ORIENTE
PAEZ,219517000291,I.E. INSTITUTO AGRICOLA FELIX MARIA ORTIZ,EL HATO,RURAL,AFRO,ORIENTE
PAEZ,219517000291,I.E. INSTITUTO AGRICOLA FELIX MARIA ORTIZ,ALTO DEL CARMEN,RURAL,AFRO,ORIENTE
PAEZ,219517000312,INSTITUCION EDUCATIVA JOSE REYES PETE,ESCUELA RURAL MIXTA DE LAME,RURAL,INDÍGENA,ORIENTE
PAEZ,219517000312,INSTITUCION EDUCATIVA JOSE REYES PETE,ESCUELA RURAL MIXTA CHINAS,RURAL,INDÍGENA,ORIENTE
PAEZ,219517000312,INSTITUCION EDUCATIVA JOSE REYES PETE,ESCUELA RURAL MIXTA LA TROJA,RURAL,INDÍGENA,ORIENTE
PAEZ,219517000312,INSTITUCION EDUCATIVA JOSE REYES PETE,INSTITUTO TECNICO ETNO ECOLOGICO VITONCO,RURAL,INDÍGENA,ORIENTE
PAEZ,219517000487,I.E. AGROEMPRESARIAL SAN MIGUEL DE AVIRAMA,ESCUELA RURAL MIXTA CHICAQUIU,RURAL,INDÍGENA,ORIENTE
PAEZ,219517000487,I.E. AGROEMPRESARIAL SAN MIGUEL DE AVIRAMA,I.E. AGROEMPRESARIAL SAN MIGUEL DE AVIRAMA - SEDE PRINCIPAL,RURAL,INDÍGENA,ORIENTE
PAEZ,219517000487,I.E. AGROEMPRESARIAL SAN MIGUEL DE AVIRAMA,ESCUELA RURAL MIXTA DE  GUAQUIYO,RURAL,INDÍGENA,ORIENTE
PAEZ,219517000576,I.E. SABAS BELTRAN, SABAS BELTRAN (sede principal),RURAL,AFRO,ORIENTE
PAEZ,219517000576,I.E. SABAS BELTRAN,PALOMAS,RURAL,AFRO,ORIENTE
PAEZ,219517000576,I.E. SABAS BELTRAN,LAS DELICIAS,RURAL,INDÍGENA,ORIENTE
PAEZ,219517000576,I.E. SABAS BELTRAN,EL CIPRES,RURAL,AFRO,ORIENTE
PAEZ,219517000576,I.E. SABAS BELTRAN,LAS DALIAS,RURAL,AFRO,ORIENTE
PAEZ,219517000681,INSTITUCION EDUCATIVA AGROAMBIENTAL LA CEJA,ESCUELA RURAL MIXTA EL COLORADO,RURAL,INDÍGENA,ORIENTE
PAEZ,219517000681,INSTITUCION EDUCATIVA AGROAMBIENTAL LA CEJA,ESCUELA  RURAL MIXTA LA CEJA,RURAL,INDÍGENA,ORIENTE
PAEZ,219517000738,CENTRO EDUCATIVO LA PALMA,ESCUELA LA PALMA,RURAL,INDÍGENA,ORIENTE
PAEZ,219517000754,INS EDUC JUAN TAMA (ANTES CENT EDUC DEL NORTE JUAN TAMA),ESCUELA RURAL MIXTA SANTA MARTA,RURAL,INDÍGENA,ORIENTE
PAEZ,219517000754,INS EDUC JUAN TAMA (ANTES CENT EDUC DEL NORTE JUAN TAMA),ESCUELA RURAL MIXTA DE  MOSOCO,RURAL,INDÍGENA,ORIENTE
PAEZ,219517001238,I.E. BENJAMIN DINDICUE SA TWE SX LUX PKHAAKHENXI YAT ,ESCUELA RURAL MIXTA CHACHUCUE,RURAL,INDÍGENA,ORIENTE
PAEZ,219517001238,I.E. BENJAMIN DINDICUE SA TWE SX LUX PKHAAKHENXI YAT ,ESCUELA RURAL MIXTA LA MESA DE CALOTO,RURAL,INDÍGENA,ORIENTE
PAEZ,219517001238,I.E. BENJAMIN DINDICUE SA TWE SX LUX PKHAAKHENXI YAT ,ESCUELA RURAL MIXTA ALTO SAN MIGUEL,RURAL,INDÍGENA,ORIENTE
PAEZ,219517001581,I.E. SAT¿ WESX ZUUN,ESCUELA RURAL MIXTA LA ESMERALDA,RURAL,INDÍGENA,ORIENTE
PAEZ,219517001653,I.E. TÉCNICA AGROPECUARIA DE RICAURTE,I.E. TÉCNICA AGROPECUARIA DE RICAURTE - SEDE PRINCIPAL,RURAL,INDÍGENA,ORIENTE
PAEZ,219517001661,I.E. TÉCNICO EMPRESARIAL MONTE CRUZ,INSTITUTO TÉCNICO EMPRESARIAL MONTE CRUZ - SEDE PRINCIPAL,RURAL,INDÍGENA,ORIENTE
PAEZ,419517001202,INSTITUCION EDUCATIVA GAITANA FXIW,ESCUELA RURAL MIXTA TALAGA,RURAL,INDÍGENA,ORIENTE
PAEZ,419517001202,INSTITUCION EDUCATIVA GAITANA FXIW,ESCUELA RURAL MIXTA DE TARAVIRA,RURAL,INDÍGENA,ORIENTE
PAEZ,419517001202,INSTITUCION EDUCATIVA GAITANA FXIW,ESCUELA RURAL MIXTA MESA DE TOEZ,RURAL,INDÍGENA,ORIENTE
PAEZ,419517001202,INSTITUCION EDUCATIVA GAITANA FXIW,ESCUELA RURAL MIXTA QUEBRADA ARRIBA,RURAL,INDÍGENA,ORIENTE
PATIA-EL BORDO,119532001045,I.E. SIMON BOLIVAR,GUAYABAL,RURAL,AFRO,SUR
PATIA-EL BORDO,119532002033,I.E. CAPITÁN BERMÚDEZ,LA VENTICA,RURAL,AFRO,SUR
PATIA-EL BORDO,119532002033,I.E. CAPITÁN BERMÚDEZ,EL RINCON,RURAL,AFRO,SUR
PATIA-EL BORDO,119532002033,I.E. CAPITÁN BERMÚDEZ,POTRERILLO,RURAL,AFRO,SUR
PATIA-EL BORDO,119532002033,I.E. CAPITÁN BERMÚDEZ,ANGULO,RURAL,AFRO,SUR
PATIA-EL BORDO,119532002033,I.E. CAPITÁN BERMÚDEZ,LA ESPERANZA P/MOLER,RURAL,AFRO,SUR
PATIA-EL BORDO,219532000272,C.E. SANTA ROSA BAJA,ALTO RIO SAJANDI,RURAL,AFRO,SUR
PATIA-EL BORDO,219532000272,C.E. SANTA ROSA BAJA, SANTA ROSA BAJA (sede principal),RURAL,AFRO,SUR
PATIA-EL BORDO,219532000434,I.E.A. CAMILO TORRES,EL HOYO,RURAL,AFRO,SUR
PATIA-EL BORDO,219532000434,I.E.A. CAMILO TORRES,EL TRIUNFO,RURAL,AFRO,SUR
PATIA-EL BORDO,219532000434,I.E.A. CAMILO TORRES,MITA EL SALADITO,RURAL,AFRO,SUR
PATIA-EL BORDO,219532000493,I.E. DON ALONSO, DON ALONSO (sede principal),RURAL,AFRO,SUR
PATIA-EL BORDO,219532000825,I.E. EL TREBOL,QUEBRADA OSCURA,RURAL,AFRO,SUR
PATIA-EL BORDO,219532000825,I.E. EL TREBOL,EL LIMONAR,RURAL,AFRO,SUR
PATIA-EL BORDO,219532000825,I.E. EL TREBOL,LA PLANADA,RURAL,AFRO,SUR
PATIA-EL BORDO,219532000825,I.E. EL TREBOL, EL TREBOL (sede principal),RURAL,AFRO,SUR
PATIA-EL BORDO,219532000825,I.E. EL TREBOL,VILLANUEVA,RURAL,AFRO,SUR
PATIA-EL BORDO,219532001252,I.E. DE DESARROLLO RURAL EL ESTRECHO,EL JUNCAL,RURAL,AFRO,SUR
PATIA-EL BORDO,219532001252,I.E. DE DESARROLLO RURAL EL ESTRECHO,EL PURO,RURAL,AFRO,SUR
PATIA-EL BORDO,219532001252,I.E. DE DESARROLLO RURAL EL ESTRECHO,EL TUNO,RURAL,AFRO,SUR
PATIA-EL BORDO,219532001376,I.E. LA FONDA,LAS TALLAS,RURAL,AFRO,SUR
PATIA-EL BORDO,219532001376,I.E. LA FONDA,EL PLACER  BAJO,RURAL,AFRO,SUR
PATIA-EL BORDO,219532001376,I.E. LA FONDA,BETANIA,RURAL,AFRO,SUR
PATIA-EL BORDO,219532002020,I.E. LA MESA,EL CRUCERO,RURAL,AFRO,SUR
PATIA-EL BORDO,419532001421,I.E. JUAN BAUTISTA BOLAÑOS,EL JARDIN,RURAL,AFRO,SUR
PATIA-EL BORDO,419532001421,I.E. JUAN BAUTISTA BOLAÑOS,LA ESPERANZA  SANTA CRUZ,RURAL,AFRO,SUR
PATIA-EL BORDO,419532001421,I.E. JUAN BAUTISTA BOLAÑOS, JUAN BAUTISTA BOLAÑOS (sede principal),RURAL,AFRO,SUR
PIAMONTE,219533000063,INSTITUCION EDUCATIVA DIVINO NINO DE YAPURA, DIVINO NINO DE YAPURA (sede principal),RURAL,MAYORITARIA,BOTA CAUCANA
PIAMONTE,219533000767,CENTRO EDUCATIVO PUERTO GUAYUYACO,ESCUELA RURAL MIXTA CABILDO RUMINAWI,RURAL,INDÍGENA,BOTA CAUCANA
PIAMONTE,219701000180,INSTITUCION EDUCATIVA SANTO DOMINGO SABIO, MIRAFLOR (sede principal),RURAL,MAYORITARIA,BOTA CAUCANA
PIAMONTE,219701000180,INSTITUCION EDUCATIVA SANTO DOMINGO SABIO,CAMPO ALEGRE,RURAL,MAYORITARIA,BOTA CAUCANA
PIENDAMO,219548000027,CENTRO EDUCATIVO CAMPO ALEGRE, CAMPOALEGRE (sede principal),RURAL,MAYORITARIA,CENTRO
PIENDAMO,219548000027,CENTRO EDUCATIVO CAMPO ALEGRE,SAN JOSE,RURAL,MAYORITARIA,CENTRO
PIENDAMO,219548000060,I.E. CAÑA DULCE,SALINAS,RURAL,MAYORITARIA,CENTRO
PIENDAMO,219548000060,I.E. CAÑA DULCE,MATECANA,RURAL,MAYORITARIA,CENTRO
PIENDAMO,219548000108,CENTRO EDUCATIVO MELCHO,SAN PEDRO,RURAL,MAYORITARIA,CENTRO
PIENDAMO,219548000167,INST EDUC PISITAO GRANDE SAN MIGUEL (ANTES CENT EDUC PISITAO GRANDE SAN MIGUEL),LA LORENA,RURAL,MAYORITARIA,CENTRO
PIENDAMO,219548000167,INST EDUC PISITAO GRANDE SAN MIGUEL (ANTES CENT EDUC PISITAO GRANDE SAN MIGUEL), SAN MIGUEL -PISITAO GRANDE (sede principal),RURAL,MAYORITARIA,CENTRO
PIENDAMO,219548000167,INST EDUC PISITAO GRANDE SAN MIGUEL (ANTES CENT EDUC PISITAO GRANDE SAN MIGUEL),LOMA CORTA,RURAL,MAYORITARIA,CENTRO
PIENDAMO,219548000191,CENTRO EDUCATIVO CORRALES, CORRALES (sede principal),RURAL,MAYORITARIA,CENTRO
PIENDAMO,219548000281,CENTRO EDUCATIVO EL HOGAR,EL ARRAYAN,RURAL,MAYORITARIA,CENTRO
PIENDAMO,219548000281,CENTRO EDUCATIVO EL HOGAR,LOS ARADOS,RURAL,MAYORITARIA,CENTRO
PIENDAMO,219548000329,INST EDUC LOS UVALES ANTES (INST EDUC AGROP LOS UVALES),LOS PINOS,RURAL,MAYORITARIA,CENTRO
PIENDAMO,219548000329,INST EDUC LOS UVALES ANTES (INST EDUC AGROP LOS UVALES),CALIFORNIA,RURAL,MAYORITARIA,CENTRO
PIENDAMO,219548000337,INSTITUCION EDUCATIVA SAN ISIDRO PIENDAMO, PISITAO CHICO (sede principal),RURAL,MAYORITARIA,CENTRO
PIENDAMO,219548000370,INSTITUCION EDUCATIVA TECNICO TUNIA,LOS FARALLONES,RURAL,MAYORITARIA,CENTRO
PIENDAMO,219548000809,INSTITUCION EDUCATIVA EL CARMEN,EL AGRADO,RURAL,MAYORITARIA,CENTRO
PIENDAMO,219548000817,INSTITUCION EDUCATIVA SANTA ELENA,LA UNION,RURAL,MAYORITARIA,CENTRO
PIENDAMO,219548000817,INSTITUCION EDUCATIVA SANTA ELENA,EL NUEVO PORVENIR,RURAL,MAYORITARIA,CENTRO
PUERTO TEJADA,219573000180,C.E. SAN CARLOS,BOCAS DEL PALO,RURAL,AFRO,NORTE
PURACE,219585000151,I.E.A. PALETARA,I.E.A. PALETARA - SEDE PRINCIPAL,RURAL,INDÍGENA,CENTRO
PURACE,219585000151,I.E.A. PALETARA,CENTRO DOCENTE MIXTO RIO NEGRO,RURAL,INDÍGENA,CENTRO
PURACE,219585000215,C.E. PULULO,C.E. PULULO - SEDE PRINCIPAL,RURAL,INDÍGENA,CENTRO
PURACE,219585000282,C.E. KILÓMETRO 48, KILÓMETRO 48 (sede principal),RURAL,MAYORITARIA,CENTRO
PURACE,219585000304,I.E. MANUEL MARÍA MOSQUERA,I.E. MANUEL MARIA MOSQUERA - SEDE PRINCIPAL,RURAL,INDÍGENA,CENTRO
PURACE,219585000371,INSTITUCION EDUCATIVA LA PLAYA, LA PLAYA (sede principal),RURAL,MAYORITARIA,CENTRO
PURACE,219585000487,I.E.T.A. MARGARITA LEGARDA, MARGARITA LEGARDA (sede principal),RURAL,MAYORITARIA,CENTRO
PURACE,219585000673,C.E. PISANRABO,C.E. PISANRABO - SEDE PRINCIPAL,RURAL,INDÍGENA,CENTRO
ROSAS,119622000552,INSTITUCION EDUCATIVA SANTA TERESITA,UFUGU,RURAL,MAYORITARIA,MACIZO
ROSAS,119622000552,INSTITUCION EDUCATIVA SANTA TERESITA,EL DIVISO,RURAL,MAYORITARIA,MACIZO
ROSAS,219622000042,INSTITUCION EDUCATIVA AGROPECUARIO DE PARRAGA,PAN DE AZUCAR,RURAL,AFRO,MACIZO
ROSAS,219622000051,I.E. EL MARQUEZ,EL MARQUEZ (sede principal),RURAL,MAYORITARIA,MACIZO
ROSAS,219622000051,I.E. EL MARQUEZ,BELLO HORIZONTE,RURAL,MAYORITARIA,MACIZO
ROSAS,219622000069,INSTITUCION EDUCATIVA NUESTRA SENORA DEL CARMEN,GUALOTO,RURAL,MAYORITARIA,MACIZO
ROSAS,219622000069,INSTITUCION EDUCATIVA NUESTRA SENORA DEL CARMEN,EL LIBANO,RURAL,MAYORITARIA,MACIZO
ROSAS,219622000077,INST EDUC LOMA BAJO (ANTES CENT EDUC LOMA BAJO),BELLAVISTA JIGUAL,RURAL,AFRO,MACIZO
ROSAS,219622000166,INST EDUC ALFONSO CORDOBA (ANTES CENT EDUC ALFONSO CORDOBA), ALFONSO CORDOBA (sede principal),RURAL,MAYORITARIA,MACIZO
ROSAS,219622000166,INST EDUC ALFONSO CORDOBA (ANTES CENT EDUC ALFONSO CORDOBA),CHONTADURO,RURAL,MAYORITARIA,MACIZO
ROSAS,219622000174,CENTRO EDUCATIVO GUILLERMO LEON VALENCIA,GUILLERMO VALENCIA (sede principal),RURAL,MAYORITARIA,MACIZO
SAN SEBASTIAN,219693000051,C.E. EL RODEO, EL RODEO (sede principal),RURAL,MAYORITARIA,BOTA CAUCANA
SAN SEBASTIAN,219693000051,C.E. EL RODEO,CONSTANCILLA,RURAL,MAYORITARIA,BOTA CAUCANA
SAN SEBASTIAN,219693000051,C.E. EL RODEO,DOMINGOTE,RURAL,MAYORITARIA,BOTA CAUCANA
SAN SEBASTIAN,219693000051,C.E. EL RODEO,HIGUERONES,RURAL,MAYORITARIA,BOTA CAUCANA
SAN SEBASTIAN,219693000086,I.E.T. VENECIA (ANTES INST EDUC VENECIA),ESCUELA RURAL MIXTA MARMATO,RURAL,INDÍGENA,BOTA CAUCANA
SAN SEBASTIAN,219693000086,I.E.T. VENECIA (ANTES INST EDUC VENECIA),I.E.T. VENECIA - SEDE PRINCIPAL,RURAL,INDÍGENA,BOTA CAUCANA
SAN SEBASTIAN,219693000086,I.E.T. VENECIA (ANTES INST EDUC VENECIA),ESCUELA RURAL MIXTA LA FLORIDA,RURAL,INDÍGENA,BOTA CAUCANA
SAN SEBASTIAN,219693000086,I.E.T. VENECIA (ANTES INST EDUC VENECIA),ESCUELA RURAL MIXTA LA ESPERANZA,RURAL,INDÍGENA,BOTA CAUCANA
SAN SEBASTIAN,219693000167,C.E. PARAMILLOS,LOS HATOS,RURAL,MAYORITARIA,BOTA CAUCANA
SAN SEBASTIAN,219693000167,C.E. PARAMILLOS, PARAMILLOS (sede principal),RURAL,MAYORITARIA,BOTA CAUCANA
SAN SEBASTIAN,219693000167,C.E. PARAMILLOS,PUEBLO VIEJO,RURAL,MAYORITARIA,BOTA CAUCANA
SAN SEBASTIAN,219693000175,CENTRO EDUCATIVO EL TRILLADERO,EL TAMBO,RURAL,MAYORITARIA,BOTA CAUCANA
SAN SEBASTIAN,219693000175,CENTRO EDUCATIVO EL TRILLADERO, EL TRILLADERO (sede principal),RURAL,MAYORITARIA,BOTA CAUCANA
SAN SEBASTIAN,219693000175,CENTRO EDUCATIVO EL TRILLADERO,LA PRADERA,RURAL,MAYORITARIA,BOTA CAUCANA
SAN SEBASTIAN,219693000621,I.E.A. VALENCIA,LA ENTRADA,RURAL,MAYORITARIA,BOTA CAUCANA
SAN SEBASTIAN,219693000621,I.E.A. VALENCIA,VALENCIA (sede principal) ,RURAL,MAYORITARIA,BOTA CAUCANA
SANTA ROSA,119701000061,C.E. LA AGENCIA, LA AGENCIA (sede principal),RURAL,MAYORITARIA,BOTA CAUCANA
SANTA ROSA,219701000155,I.E. SANTA MARTA ANTES (C.E. SANTA MARTA), SANTA MARTA (sede principal),RURAL,MAYORITARIA,BOTA CAUCANA
SANTA ROSA,219701000155,I.E. SANTA MARTA ANTES (C.E. SANTA MARTA),SAN GABRIEL LOS AZULES,RURAL,MAYORITARIA,BOTA CAUCANA
SANTA ROSA,219701000155,I.E. SANTA MARTA ANTES (C.E. SANTA MARTA),VERDEYACO,RURAL,MAYORITARIA,BOTA CAUCANA
SANTA ROSA,219701000295,C.E. VILLA NARCISO CARMELO, VILLANARCISO CARMELO (sede principal),RURAL,MAYORITARIA,BOTA CAUCANA
SANTA ROSA,219701000295,C.E. VILLA NARCISO CARMELO,CURIACO,RURAL,MAYORITARIA,BOTA CAUCANA
SANTA ROSA,219701000376,C.E. SANTA MARIA,SAN EDUARDO VILLALOBOS,RURAL,MAYORITARIA,BOTA CAUCANA
SANTA ROSA,219701000376,C.E. SANTA MARIA, SANTA MARIA (sede principal),RURAL,MAYORITARIA,BOTA CAUCANA
SANTA ROSA,219701000376,C.E. SANTA MARIA,LA PETROLERA,RURAL,MAYORITARIA,BOTA CAUCANA
SANTA ROSA,219701001160,I.E.A. VILLALOBOS,SAJONIA,RURAL,MAYORITARIA,BOTA CAUCANA
SANTA ROSA,219701001160,I.E.A. VILLALOBOS,BUENOS AIRES,RURAL,MAYORITARIA,BOTA CAUCANA
SANTA ROSA,219701001160,I.E.A. VILLALOBOS,BETANIA,RURAL,MAYORITARIA,BOTA CAUCANA
SANTA ROSA,219701001160,I.E.A. VILLALOBOS, VILLALOBOS (sede principal,RURAL,MAYORITARIA,BOTA CAUCANA
SANTA ROSA,219701001160,I.E.A. VILLALOBOS,SAN JUAN,RURAL,MAYORITARIA,BOTA CAUCANA
SANTA ROSA,219701001453,C. E. SUMAK KAWSAY,ESCUELA RURAL MIXTA MANDIYACO,RURAL,INDÍGENA,BOTA CAUCANA
SANTA ROSA,219701001453,C. E. SUMAK KAWSAY,ESCUELA RURAL MIXTA SAN CARLOS,RURAL,INDÍGENA,BOTA CAUCANA
SANTA ROSA,219701001453,C. E. SUMAK KAWSAY,ESCUELA RURAL MIXTA TANDARIDO,RURAL,INDÍGENA,BOTA CAUCANA
SANTA ROSA,419701000995,I.E.A. FRAY ISIDORO DE MONTCLAR,I.E.A. FRAY ISIDORO DE MONTCLAR - SEDE PRINCIPAL,RURAL,INDÍGENA,BOTA CAUCANA
SANTANDER DE QUILICHAO,219698000041,INST EDUC AGROP SA T WE SX YAT,CENTRO DOCENTE RURAL BUENA VISTA,RURAL,INDÍGENA,NORTE
SANTANDER DE QUILICHAO,219698000173,INSTITUCIÓN EDUCATIVA SAN ANTONIO (ANTES CENTRO EDUCATIVO SAN ANTONIO),ARGEMIRO MEZU,RURAL,AFRO,NORTE
SANTANDER DE QUILICHAO,219698000181,CENTRO EDUCATIVO QUINAMAYO,BAJO SANTA ANA,RURAL,AFRO,NORTE
SANTANDER DE QUILICHAO,219698000432,INSTITUCION EDUCATIVA EL PALMAR (ANTES CENTRO EDUCATIVO EL PALMAR),LA TOMA,RURAL,AFRO,NORTE
SANTANDER DE QUILICHAO,219698000459,CENTRO EDUCATIVO LOMITAS,SALTANEJO,RURAL,AFRO,NORTE
SANTANDER DE QUILICHAO,219698000483,INST EDUC LA ESPERANZA ANTES (CENT EDUC LA ESPERANZA),EL PALMICHAL,RURAL,MAYORITARIA,NORTE
SANTANDER DE QUILICHAO,219698000505,CENTRO EDUCATIVO LA AGUSTINA, LA AGUSTINA (sede principal),RURAL,MAYORITARIA,NORTE
SANTANDER DE QUILICHAO,219698000556,INSTITUCION EDUCATIVA POLICARPA FERNANDEZ,TRES QUEBRADAS,RURAL,MAYORITARIA,NORTE
SANTANDER DE QUILICHAO,219698000556,INSTITUCION EDUCATIVA POLICARPA FERNANDEZ,CALOTENO,RURAL,MAYORITARIA,NORTE
SANTANDER DE QUILICHAO,219698000629,INSTITUCION EDUCATIVA AGROPECUARIA LAS AVES,CENTRO DOCENTE EL AGUILA,RURAL,INDÍGENA,NORTE
SANTANDER DE QUILICHAO,219698000661,INSTITUCION EDUCATIVA DOMINGUILLO,LA CAPILLA,RURAL,AFRO,NORTE
SANTANDER DE QUILICHAO,419698001578,CENTRO EDUCATIVO CHAYUCE YAT,ESCUELA LA VETICA,RURAL,INDÍGENA,NORTE
SANTANDER DE QUILICHAO,419698002329,INST TEC AGROP E INDUST JUAN TAMA,INSTITUTO TECNICO AGROPECUARIO JUAN TAMA,RURAL,INDÍGENA,NORTE
SILVIA,119743000584,I.E.T.A. FRANCISCO JOSE DE CALDAS,LA ESTRELLA,RURAL,MAYORITARIA,CENTRO
SILVIA,219743000023,INST EDUC EL TRANAL ANTES CENTRO EDUCATIVO EL TRANAL,ESCUELA RURAL MIXTA EL TRANAL,RURAL,INDÍGENA,CENTRO
SILVIA,219743000023,INST EDUC EL TRANAL ANTES CENTRO EDUCATIVO EL TRANAL,ESC SAN ANTONIO,RURAL,INDÍGENA,CENTRO
SILVIA,219743000031,C.E. TUMBURAO,C.E. TUMBURAO - SEDE PRINCIPAL,RURAL,INDÍGENA,CENTRO
SILVIA,219743000147,I.E. QUICHAYA,CENTRO DOCENTE RURAL MIXTO QUICHAYA,RURAL,INDÍGENA,CENTRO
SILVIA,219743000147,I.E. QUICHAYA,ESCUELA ALTAMIRA QUICHAYA,RURAL,INDÍGENA,CENTRO
SILVIA,219743000155,I.E. RENACER PÁEZ,I.E. RENACER PÁEZ - SEDE PRICIPAL,RURAL,INDÍGENA,CENTRO
SILVIA,219743000171,INST EDUC TEC KIZGO ANTES (INST EDUC QUIZGO),CENT EDUC DE ARTES Y OFICIOS NAMUY MISAK ANTES CENT DOC RUR MIXT EL SALADO,RURAL,INDÍGENA,CENTRO
SILVIA,219743000171,INST EDUC TEC KIZGO ANTES (INST EDUC QUIZGO),CENTRO DOCENTE BILINGUE EL MANZANAL,RURAL,INDÍGENA,CENTRO
SILVIA,219743000180,INST EDUC TEC AMBALO ANTES (INST EDUC MIRAFLORES),CENTRO DOCENTE RURAL MIXTO LA PENA - CHERO,RURAL,INDÍGENA,CENTRO
SILVIA,219743000180,INST EDUC TEC AMBALO ANTES (INST EDUC MIRAFLORES),ESCUELA RURAL MIXTO AGOYAN,RURAL,INDÍGENA,CENTRO
SILVIA,219743000210,C.E. LA OVEJERA,C.E. LA OVEJERA - SEDE PRINCIPAL,RURAL,INDÍGENA,CENTRO
SILVIA,219743000228,C.E. LAS DELICIAS,CENTRO DOCENTE MIXTA JUAN DE DIOS (BUJIOS),RURAL,INDÍGENA,CENTRO
SILVIA,219743000252,I.E. LA CAMPANA,CENTRO DOCENTE RURAL MIXTO EL PUEBLITO,RURAL,INDÍGENA,CENTRO
SILVIA,219743000252,I.E. LA CAMPANA,ESCUELA RURAL MIXTA SANTA LUCIA,RURAL,INDÍGENA,CENTRO
SILVIA,219743000252,I.E. LA CAMPANA,CENTRO DOCENTE RURAL MIXTO TULCAN,RURAL,INDÍGENA,CENTRO
SILVIA,219743000350,C.E. EL CHIMAN,CC.E. EL CHIMAN - SEDE PRINCIPAL,RURAL,INDÍGENA,CENTRO
SILVIA,219743000741,I.E.T. AGROAMBIENTAL SEK BUVX FXIW LA GAITANA,CENTRO DOCENTE LOMA DEL CARMEN,RURAL,INDÍGENA,CENTRO
SILVIA,219743000961,I.E. CENTRO INTEGRADO DE SERVICIOS,CENTRO EDUCATIVO ASNENGA,RURAL,INDÍGENA,CENTRO
SILVIA,219743000961,I.E. CENTRO INTEGRADO DE SERVICIOS,I.E. CENTRO INTEGRADO DE SERVICIOS CIS (FUS. BUENAVISTA) - SEDE PRINCIPAL,RURAL,INDÍGENA,CENTRO
SILVIA,219743001062,I.E. DE USENDA,LA AGUADA,RURAL,MAYORITARIA,CENTRO
SILVIA,219743001062,I.E. DE USENDA,ALTO GRANDE,RURAL,MAYORITARIA,CENTRO
SILVIA,419743001037,C.E. SAN PEDRO - PEÑA DEL CORAZON,ESCUELA VEINTE DE JULIO MICHAMBE,RURAL,INDÍGENA,CENTRO
SILVIA,419743001037,C.E. SAN PEDRO - PEÑA DEL CORAZON,ESCUELA RURAL MIXTA PUENTE REAL,RURAL,INDÍGENA,CENTRO
SILVIA,419743001037,C.E. SAN PEDRO - PEÑA DEL CORAZON,C.E. SAN PEDRO - PEÑA DEL CORAZON - SEDE PRINCIPAL,RURAL,INDÍGENA,CENTRO
SOTARA,119760000644,I.E. AGROPECUARIA INTEGRADO SOTARA,LOS CEDROS,RURAL,MAYORITARIA,MACIZO
SOTARA,219760000401,I.E. AGROPECUARIA  LOS  ROBLES, LOS ROBLES (sede principal),RURAL,MAYORITARIA,MACIZO
SOTARA,219760000541,I.E.A. LOS COMUNEROS,ESCUELA RURAL INTEGRADA RIO BLANCO,RURAL,INDÍGENA,MACIZO
SUAREZ,219780000173,INSTITUCION EDUCATIVA MARILOPEZ BELLAVISTA (ANTES CENTRO EDUCATIVO MARILOPEZ BELLAVISTA),ESCUELA RURAL MIXTA EL NARANJAL,RURAL,INDÍGENA,NORTE
SUAREZ,219780000246,INSTITUCION EDUCATIVA SANTA MARTA (ANTES CENTRO EDUCATIVO SANTA MARTA), SANTA MARTA (sede principal),RURAL,MAYORITARIA,NORTE
SUAREZ,219780000343,I.E. AGROAMBIENTAL  AGUA CLARA,CENTRO DOCENTE AGUA CLARA - SEDE PRINCIPAL,RURAL,INDÍGENA,NORTE
SUAREZ,219780000343,I.E. AGROAMBIENTAL  AGUA CLARA,CENTRO RURAL MIXTO MATECANA,RURAL,INDÍGENA,NORTE
SUAREZ,219780000351,C.E. LA ALEJANDRIA, LA ALEJANDRIA (sede principal),RURAL,MAYORITARIA,NORTE
SUAREZ,219780000467,INSTITUCION EDUCATIVA MINDALA (ANTES CENTRO EDUCATIVO MINDALA),EL TAMBORAL,RURAL,AFRO,NORTE
SUAREZ,219780000467,INSTITUCION EDUCATIVA MINDALA (ANTES CENTRO EDUCATIVO MINDALA), MINDALA (sede principal),RURAL,AFRO,NORTE
SUAREZ,219780000777,I.E. LA BETULIA,LA CHORRERA,RURAL,MAYORITARIA,NORTE
SUAREZ,219780000777,I.E. LA BETULIA,CENTRO DOCENTE RURAL MIXTO UNION OLIVARES,RURAL,INDÍGENA,NORTE
SUAREZ,219780000777,I.E. LA BETULIA,ESCUELA RURAL MIXTA SANTA BARBARA,RURAL,MAYORITARIA,NORTE
SUAREZ,219780001218,I.E. ASNAZU,PORTUGAL,RURAL,AFRO,NORTE
SUAREZ,219780011418,I.E. SANTA ROSA DE LIMA, YOLOMBO,RURAL,AFRO,NORTE
SUCRE,219100000557,INST EDUC EL PARAISO,LOS DUENDES,RURAL,MAYORITARIA,SUR
SUCRE,219100000557,INST EDUC EL PARAISO,EL FRESNO,RURAL,MAYORITARIA,SUR
SUCRE,219100002215,C.E. TEQUENDAMA,SANTA INES,RURAL,MAYORITARIA,SUR
SUCRE,219100002215,C.E. TEQUENDAMA, TEQUENDAMA (sede principal),RURAL,MAYORITARIA,SUR
SUCRE,219100002215,C.E. TEQUENDAMA,LA CUMBRE DE SANTA INES,RURAL,MAYORITARIA,SUR
SUCRE,219100002291,CENT EDUC EL RETIRO,NUEVA LA CEJA,RURAL,MAYORITARIA,SUR
SUCRE,219100002291,CENT EDUC EL RETIRO,LOS COLORADOS,RURAL,MAYORITARIA,SUR
SUCRE,219100002291,CENT EDUC EL RETIRO, EL RETIRO (sede principal),RURAL,MAYORITARIA,SUR
SUCRE,219100002517,CENT EDUC CRUCERO BELLO,LA GRANJA,RURAL,MAYORITARIA,SUR
SUCRE,219100002517,CENT EDUC CRUCERO BELLO, CRUCERO BELLO (sede principal),RURAL,MAYORITARIA,SUR
TIMBIO,219807000022,I.E. AGROP CINCO DIAS,SAN PEDRITO,RURAL,MAYORITARIA,CENTRO
TIMBIO,219807000081,C.E. SAN JOSE, SAN JOSE (SEDE PRINCIPAL),RURAL,MAYORITARIA,CENTRO
TIMBIO,219807000081,C.E. SAN JOSE,BELLAVISTA,RURAL,MAYORITARIA,CENTRO
TIMBIO,219807000197,C.E. CUCHICAMA, CUCHICAMA (sede principal),RURAL,MAYORITARIA,CENTRO
TIMBIO,219807000197,C.E. CUCHICAMA,QUINTERO,RURAL,MAYORITARIA,CENTRO
TIMBIO,219807000243,I.E.  LA CABANA ANTES CENT EDUC,SANTA TERESA,RURAL,MAYORITARIA,CENTRO
TIMBIO,219807000243,I.E.  LA CABANA ANTES CENT EDUC, LA CABANA (sede principal),RURAL,MAYORITARIA,CENTRO
TIMBIO,219807000251,C.E. LA CHORRERA,TUNURCO,RURAL,MAYORITARIA,CENTRO
TIMBIO,219807000251,C.E. LA CHORRERA,LAS PIEDRAS,RURAL,MAYORITARIA,CENTRO
TIMBIO,219807000260,C.E. LA HONDA, LA HONDA (sede principal),RURAL,MAYORITARIA,CENTRO
TIMBIO,219807000260,C.E. LA HONDA,LA RIVERA,RURAL,MAYORITARIA,CENTRO
TIMBIO,219807000341,C.E. SAMBONI ALTO, EL HATO,RURAL,MAYORITARIA,CENTRO
TIMBIO,219807000341,C.E. SAMBONI ALTO, SAMBONI ALTO (sede principal),RURAL,MAYORITARIA,CENTRO
TIMBIO,219807000341,C.E. SAMBONI ALTO,URUBAMBA,RURAL,MAYORITARIA,CENTRO
TIMBIO,219807000642,C.E. BARRO BLANCO,SAN PEDRO,RURAL,MAYORITARIA,CENTRO
TIMBIO,219807000642,C.E. BARRO BLANCO, BARRO BLANCO (sede principal),RURAL,MAYORITARIA,CENTRO
TIMBIO,219807000863,I.E. PROMOCION SOCIAL,MARCO FIDEL SUAREZ,RURAL,MAYORITARIA,CENTRO
TIMBIQUI,119809001358,INSTITUCION EDUCATIVA AGRICOLA JUSTINIANO OCORO,BUBUEY,RURAL,AFRO,PACIFICO
TIMBIQUI,119809001358,INSTITUCION EDUCATIVA AGRICOLA JUSTINIANO OCORO,EL CHARCO,RURAL,AFRO,PACIFICO
TIMBIQUI,219809000275,INSTITUCION EDUCATIVA SAN JOSE, SAN JOSE (SEDE PRINCIPAL),RURAL,AFRO,PACIFICO
TIMBIQUI,219809001379,INSTITUCION EDUCATIVA AGRICOLA SANTA MARIA, SANTA MARIA (sede principal),RURAL,AFRO,PACIFICO
TORIBIO,219821000159,C.E. SAN FRANCISCO,CENTRO DOCENTE RURAL MIXTA ULLUCOS,RURAL,INDÍGENA,NORTE
TORIBIO,219821000175,C.E. SAN DIEGO,CENTRO DOCENTE RURAL MIXTO CHIMICUETO,RURAL,INDÍGENA,NORTE
TORIBIO,219821000230,C.E. EL TABLAZO,C.E. EL TABLAZO - SEDE PRINCIPAL,RURAL,INDÍGENA,NORTE
TORIBIO,219821000507,C.E. EL CONGO,CENTRO DOCENTE RURAL MIXTO VICHIQUI,RURAL,INDÍGENA,NORTE
TOTORO,219824000125,I.E. POLINDARA ,CENTRO DOCENTE RURAL MIXTO LA CONQUISTA,RURAL,INDÍGENA,ORIENTE
TOTORO,219824000125,I.E. POLINDARA ,CENTRO DOCENTE SAN JOSE,RURAL,INDÍGENA,ORIENTE
TOTORO,219824000150,INS EDUC NOVIRAO ANTES CENT EDUC NOVIRAO,CENTRO DOCENTE RURAL MIXTO NOVIRAO,RURAL,INDÍGENA,ORIENTE
TOTORO,219824000222,CENT EDUC AGUAS VIVAS,TABACO,RURAL,MAYORITARIA,ORIENTE
TOTORO,219824000222,CENT EDUC AGUAS VIVAS, AGUAS VIVAS (sede principal),RURAL,MAYORITARIA,ORIENTE
TOTORO,219824000265,INSTITUCION EDUCATIVA AGROFORESTAL SAN JUAN DE QUINTANA,CENTRO EDUCATIVO AGROFORESTAL SAN JUAN DE QUINTANA,RURAL,INDÍGENA,ORIENTE
TOTORO,219824000371,INSTITUCION EDUCATIVA AGROPECUARIA MANUEL JOSE MOSQUERA VIDAL,CENTRO DOCENTE RURAL MIXTO HATO VIEJO,RURAL,INDÍGENA,ORIENTE
TOTORO,219824000371,INSTITUCION EDUCATIVA AGROPECUARIA MANUEL JOSE MOSQUERA VIDAL,CENTRO DOCENTE CAMPO ALEGRE,RURAL,INDÍGENA,ORIENTE
TOTORO,219824000371,INSTITUCION EDUCATIVA AGROPECUARIA MANUEL JOSE MOSQUERA VIDAL,INSTITUTO AGROPECUARIO MANUEL JOSE MOSQUERA VIDAL,RURAL,INDÍGENA,ORIENTE
TOTORO,219824000532,CENTRO EDUCATIVO LA ESTELA,CENTRO LA ESTELA,RURAL,INDÍGENA,ORIENTE
TOTORO,219824000982,INSTITUCION EDUCATIVA AGROINDUSTRIAL VICTOR MANUEL CHAUX VILLAMIL,GABRIEL LOPEZ,RURAL,MAYORITARIA,ORIENTE
TOTORO,219824000982,INSTITUCION EDUCATIVA AGROINDUSTRIAL VICTOR MANUEL CHAUX VILLAMIL,CHUSCALES,RURAL,MAYORITARIA,ORIENTE
TOTORO,219824001024,INST EDUC AGROP PUEBLO TOTORO,ESCUELA RURAL MIXTA EL COFRE,RURAL,INDÍGENA,ORIENTE
TOTORO,219824001024,INST EDUC AGROP PUEBLO TOTORO,CENTRO DOCENTE EL CARMEN ZABALETAS,RURAL,INDÍGENA,ORIENTE
TOTORO,219824001024,INST EDUC AGROP PUEBLO TOTORO,CENTRO DOCENTE RURAL MIXTO MIRAFLORES,RURAL,INDÍGENA,ORIENTE
TOTORO,219824001024,INST EDUC AGROP PUEBLO TOTORO,CENTRO DOCENTE RURAL MIXTA MALVAZA,RURAL,INDÍGENA,ORIENTE
TOTORO,219824001024,INST EDUC AGROP PUEBLO TOTORO,COLEGIO BASICO PUEBLO DE TOTORO (ANTC.D. BETANIA),RURAL,INDÍGENA,ORIENTE